1	102938475689	niisign	0929384757	T2F	REQ	NOAUTH	1111111111111111	10.5	GH	GHS	05	19	lets just make up something							2016-09-30 14:17:12
2	102938475689	niisign	0929384757	T2F	REQ	NOAUTH	1111111111111111	10.5	GH	GHS	05	19	lets just make up something							2016-09-30 14:18:38
3	the-23751698	theteller	102938475678	T2F	REQ	NOAUTH	5637XXXXXXXX3811	1.5	GH	GHS	05	19	theteller test real card							2016-09-30 14:21:28
4	the-59162473	theteller	102938475678	T2F	REQ	NOAUTH	5637XXXXXXXX3811	1.5	GH	GHS	05	19	theteller test real card							2016-09-30 14:49:10
5	the-92571806	theteller	102938475678	T2F	REQ	NOAUTH	5637XXXXXXXX3811	1.5	GH	GHS	05	19	theteller test real card							2016-09-30 14:51:13
6	the-63510892	theteller	102938475678	T2F	REQ	NOAUTH	5637XXXXXXXX3811	1.5	GH	GHS	05	19	theteller test real card							2016-09-30 16:15:55
7	the-73951280	theteller	102938475678	T2F	REQ	NOAUTH	5637XXXXXXXX3811	1.5	GH	GHS	05	19	theteller test real card							2016-09-30 16:33:00
8	the-02186534	theteller	102938475678	T2F	REQ	NOAUTH	5637XXXXXXXX3811	1.5	GH	GHS	05	19	theteller test real card							2016-09-30 16:36:19
9	the-12598670	theteller	102938475678	T2F	REQ	NOAUTH	5637XXXXXXXX3811	1.5	GH	GHS	05	19	theteller test real card							2016-09-30 16:38:55
10	gee-64108572	geevapp	1475270036	T2F	REQ	NOAUTH	4069XXXXXXXX3942	1	GH	GHS	02	20	Payment to support a project							2016-09-30 21:13:56
11	gee-13476925	geevapp	1475295121	T2F	REQ	NOAUTH	4131XXXXXXXX8756	1	GH	GHS	10	18	Payment to support a project							2016-10-01 04:12:01
12	gee-23574061	geevapp	1475321293	T2F	REQ	NOAUTH	4131XXXXXXXX4386	1	GH	GHS	11	17	Payment to support a project							2016-10-01 11:28:13
13	-82095634			T2F	REQ	NOAUTH	X		GH	GHS										2016-10-01 18:17:20
14	-69023851			T2F	REQ	NOAUTH	X		GH	GHS										2016-10-01 18:19:47
15	Web-08791346	WebTest	8947124563708	T2F	REQ	NOAUTH	X		GH	GHS										2016-10-01 18:33:16
16	Web-53972410	WebTest	3467281589047	T2F	REQ	NOAUTH	X		GH	GHS										2016-10-01 18:34:49
17	Web-95720314	WebTest	3472978450861	T2F	REQ	NOAUTH	4141XXXXXXX4125	1	GH	GHS	05	16	try							2016-10-01 18:36:30
18	Web-16457089	WebTest	4287678195304	T2F	REQ	NOAUTH	4242XXXXXXXX4242	1	GH	GHS	08	18	try							2016-10-01 18:38:46
19	Web-71938526	WebTest	9488426737015	T2F	REQ	NOAUTH	4242XXXXXXXX4242	1	GH	GHS	08	18	try							2016-10-01 18:39:56
20	Web-13902784	WebTest	8739074254681	T2F	REQ	NOAUTH	4000XXXXXXXX5556	1	GH	GHS	08	18	try							2016-10-01 18:41:12
21	Web-63845029	WebTest	7217948608354	T2F	REQ	NOAUTH	3056XXXXXX5904	1	GH	GHS	08	18	try							2016-10-01 18:41:59
22	Web-59438107	WebTest	2654934817780	T2F	REQ	NOAUTH	3056XXXXXX5904	1	GH	GHS	08	18	try							2016-10-01 18:42:40
23	Web-94160528	WebTest	2485690317487	T2F	REQ	NOAUTH	3056XXXXXX5904	1	GH	GHS	08	18	try							2016-10-01 18:42:56
24	Web-06749183	WebTest	3477290415868	T2F	REQ	NOAUTH	3056XXXXXX5904	1	GH	GHS	08	18	try							2016-10-01 18:43:26
25	Web-86934152	WebTest	3750628479184	T2F	REQ	NOAUTH	3056XXXXXX5904	1	GH	GHS	08	18	try							2016-10-01 18:44:20
26	Web-59238617	WebTest	5771860928344	T2F	REQ	NOAUTH	3056XXXXXX5904	2.5	GH	GHS	08	18	tryable							2016-10-01 19:17:16
27	Web-92480715	WebTest	8847092753146	T2F	REQ	NOAUTH	3056XXXXXX5904	2.5	GH	GHS	08	18	tryable							2016-10-01 19:20:35
28	Web-02354681	WebTest	1948672034578	T2F	REQ	NOAUTH	5377XXXXXXXX7450	2.5	GH	GHS	08	19	web test							2016-10-01 19:27:14
29	the-52034168	theteller	102938475678	F2T	RSP	NOAUTH	5637XXXXXXXX3811	1.5	GH	GHS	05	19	lets just make up something	00	Successful		FLWT00316962	qCGDbVv5hx0HeAE2465	success	2016-10-03 21:05:06
30	the-71396084	theteller	102938475678	T2F	REQ	NOAUTH	5637XXXXXXXX3811	1.5	GH	GHS	05	19	theteller test real card							2016-10-03 21:07:06
31	the-71396084	theteller	102938475678	F2T	RSP	NOAUTH	5637XXXXXXXX3811	1.5	GH	GHS	05	19	lets just make up something	00	Successful		FLWT00316964	D8R82SmPRe0SWtO5022	success	2016-10-03 21:07:11
32	Web-36495182	WebTest	5487130624987	T2F	REQ	NOAUTH	6011XXXXXXXX1117	2.05	GH	GHS	08	18	Discovery Card							2016-10-03 21:14:06
33	Web-36495182	WebTest	5487130624987	F2T	RSP	NOAUTH	6011XXXXXXXX1117	2.05	GH	GHS	08	18	lets just make up something	7	I5154-10040814%3A+Invalid+Card+Number+%3A+CardNum		FLWT00316966		success	2016-10-03 21:14:09
34	Web-24851039	WebTest	0412637947885	T2F	REQ	NOAUTH	4604XXXXXXXX8571	2.05	GH	GHS	08	18	Discovery Card							2016-10-03 21:19:35
35	Web-24851039	WebTest	0412637947885	F2T	RSP	NOAUTH	4604XXXXXXXX8571	2.05	GH	GHS	08	18	lets just make up something	00	Successful		FLWT00316971	Vt00Cv3peM0IWvv3646	success	2016-10-03 21:19:38
36	Web-54783160	WebTest	9778481435062	T2F	REQ	PIN	4604XXXXXXXX8571	2.05	GH	GHS	08	18	Discovery Card							2016-10-03 21:20:03
37	Web-54783160	WebTest	9778481435062	F2T	RSP	NOAUTH	4604XXXXXXXX8571	2.05	GH	GHS	08	18	lets just make up something	RR	Sorry, you need to add cvv to your request				success	2016-10-03 21:20:03
38	Web-14387962	WebTest	8487792435016	T2F	REQ	PIN	4604XXXXXXXX8571	2.05	GH	GHS	08	18	Discovery Card							2016-10-03 21:20:30
39	Web-09845136	WebTest	7734061928854	T2F	REQ	NOAUTH	4604XXXXXXXX8571	2.05	GH	GHS	08	18	Discovery Card							2016-10-03 21:50:55
40	Web-09845136	WebTest	7734061928854	F2T	RSP	NOAUTH	4604XXXXXXXX8571	2.05	GH	GHS	08	18	lets just make up something	RR	Sorry, you need to add cvv to your request				success	2016-10-03 21:50:56
41	Web-65210849	WebTest	4542691737088	T2F	REQ	NOAUTH	4604XXXXXXXX8571	2.05	GH	GHS	08	18	Discovery Card							2016-10-03 21:52:56
42	Web-65210849	WebTest	4542691737088	F2T	RSP	NOAUTH	4604XXXXXXXX8571	2.05	GH	GHS	08	18	lets just make up something	RR	Sorry, you need to add cvv to your request				success	2016-10-03 21:52:56
43	Web-79618240	WebTest	8877449035621	T2F	REQ	NOAUTH	4604XXXXXXXX8571	2.05	GH	GHS	08	18	Discovery Card							2016-10-03 21:53:15
44	Web-79618240	WebTest	8877449035621	F2T	RSP	NOAUTH	4604XXXXXXXX8571	2.05	GH	GHS	08	18	lets just make up something	00	Successful		FLWT00317012	cfpP2wmSr90E2mz2451	success	2016-10-03 21:53:19
45	Web-50729341	WebTest	0176885972434	T2F	REQ	NOAUTH	4604XXXXXXXX8571	2.05	GH	GHS	08	18	Discovery Card							2016-10-03 22:02:18
46	Web-50729341	WebTest	0176885972434	F2T	RSP	NOAUTH	4604XXXXXXXX8571	2.05	GH	GHS	08	18	lets just make up something	00	Successful		FLWT00317029	JX3toI6ZVg0ICZz4706	success	2016-10-03 22:02:21
47	Web-46079251	WebTest	6598823740714	T2F	REQ	NOAUTH	4604XXXXXXXX8571	2.05	GH	GHS	08	18	Discovery Card							2016-10-03 22:03:32
48	Web-27543189	WebTest	5260894184737	T2F	REQ	NOAUTH	4604XXXXXXXX8571	2.05	GH	GHS	08	18	Discovery Card							2016-10-03 22:03:53
49	Web-27543189	WebTest	5260894184737	F2T	RSP	NOAUTH	4604XXXXXXXX8571	2.05	GH	GHS	08	18	lets just make up something	00	Successful		FLWT00317034	RftbOvBdUP04L9b9749	success	2016-10-03 22:04:01
50	Web-61980273	WebTest	5728764183409	T2F	REQ	NOAUTH	4604XXXXXXXX8571	2.05	GH	GHS	08	18	Discovery Card							2016-10-03 22:04:31
51	Web-61980273	WebTest	5728764183409	F2T	RSP	NOAUTH	4604XXXXXXXX8571	2.05	GH	GHS	08	18	lets just make up something	00	Successful		FLWT00317036	yoOtJKSmno0MDqi7212	success	2016-10-03 22:04:34
52	Web-03546279	WebTest	5873146792480	T2F	REQ	NOAUTH	4604XXXXXXXX8571	3.5	GH	GHS	08	18	Discovery Card							2016-10-03 22:05:17
53	Web-03546279	WebTest	5873146792480	F2T	RSP	NOAUTH	4604XXXXXXXX8571	3.5	GH	GHS	08	18	lets just make up something	00	Successful		FLWT00317041	alPM01F1080IZ9b3789	success	2016-10-03 22:05:21
54	the-65037128	theteller	102938475678	T2F	REQ	NOAUTH	4842XXXXXXXX2547	3.5	GH	GHS	10	18	try again							2016-10-05 12:32:01
55	the-65037128	theteller	102938475678	F2T	RSP	NOAUTH	4842XXXXXXXX2547	3.5	GH	GHS	10	18	lets just make up something	00	Successful		FLWT00318323	vOcuvGmoYk0YnMp7282	success	2016-10-05 12:32:08
56	gee-23468701	geevapp	1475671672	T2F	REQ	NOAUTH	4131XXXXX2339	2	GH	GHS	10	17	Payment to support a project							2016-10-05 12:47:53
57	gee-23468701	geevapp	1475671672	F2T	RSP	NOAUTH	4131XXXXX2339	2	GH	GHS	10	17	lets just make up something	RR	Invalid card Number!				success	2016-10-05 12:47:53
58	gee-85213794	geevapp	1475711734	T2F	REQ	NOAUTH	3782XXXXXXXX0005	23	GH	GHS	08	18	Payment to support a project							2016-10-05 23:55:35
59	gee-85213794	geevapp	1475711734	F2T	RSP	NOAUTH	3782XXXXXXXX0005	23	GH	GHS	08	18	lets just make up something	RR	Invalid card Number!				success	2016-10-05 23:55:36
60	gee-40328756	geevapp	1475712675	T2F	REQ	NOAUTH	4069XXXXXXXX3942	0.02	GH	GHS	02	20	Payment to support a project							2016-10-06 00:11:22
61	gee-40328756	geevapp	1475712675	F2T	RSP	NOAUTH	4069XXXXXXXX3942	0.02	GH	GHS	02	20	lets just make up something	3	Timed+Out		FLWT00318498		success	2016-10-06 00:11:41
62	gee-84763209	geevapp	1475712988	T2F	REQ	NOAUTH	4069XXXXXXXX3942	0.02	GH	GHS	02	20	Payment to support a project							2016-10-06 00:16:30
63	gee-84763209	geevapp	1475712988	F2T	RSP	NOAUTH	4069XXXXXXXX3942	0.02	GH	GHS	02	20	lets just make up something	1	Unspecified+Failure		FLWT00318500		success	2016-10-06 00:16:36
64	gee-90143628	geevapp	1475713560	T2F	REQ	NOAUTH	4069XXXXXXXX3942	0.02	GH	GHS	02	20	Payment to support a project							2016-10-06 00:26:02
65	gee-90143628	geevapp	1475713560	F2T	RSP	NOAUTH	4069XXXXXXXX3942	0.02	GH	GHS	02	20	lets just make up something	2	Declined		FLWT00318504		success	2016-10-06 00:26:06
66	gee-31487026	geevapp	1475713625	T2F	REQ	NOAUTH	4069XXXXXXXX3942	0.02	GH	GHS	02	20	Payment to support a project							2016-10-06 00:27:05
67	gee-31487026	geevapp	1475713625	F2T	RSP	NOAUTH	4069XXXXXXXX3942	0.02	GH	GHS	02	20	lets just make up something	2	Declined		FLWT00318506		success	2016-10-06 00:27:09
68	gee-24359687	geevapp	1475714020	T2F	REQ	NOAUTH	4069XXXXXXXX3942	0.02	GH	GHS	02	20	Payment to support a project							2016-10-06 00:33:42
69	gee-24359687	geevapp	1475714020	F2T	RSP	NOAUTH	4069XXXXXXXX3942	0.02	GH	GHS	02	20	lets just make up something	2	Declined		FLWT00318510		success	2016-10-06 00:33:46
70	cv2-61542907	cv238	1111	T2F	REQ	NOAUTH	5377XXXXXXXX7450	1	GH	GHS	08	19	api test							2016-10-06 19:12:30
71	cv2-61542907	cv238	1111	F2T	RSP	NOAUTH	5377XXXXXXXX7450	1	GH	GHS	08	19	lets just make up something	00	Successful		FLWT00319389	DloJpmFjiX0Bddo0437	success	2016-10-06 19:12:33
72	cv2-50286713	cv238	1111	T2F	REQ	NOAUTH	5377XXXXXXXX7450	1	GH	GHS	08	19	api test							2016-10-06 23:46:44
73	cv2-50286713	cv238	1111	F2T	RSP	NOAUTH	5377XXXXXXXX7450	1	GH	GHS	08	19	lets just make up something	00	Successful		FLWT00319484	3UHARAMqu506k455153	success	2016-10-06 23:46:47
74	cv2-45120368	cv238	1111	T2F	REQ	NOAUTH	5377XXXXXXXX7450	1	GH	GHS	08	19	api test							2016-10-07 11:12:09
75	cv2-45120368	cv238	1111	F2T	RSP	NOAUTH	5377XXXXXXXX7450	1	GH	GHS	08	19	lets just make up something	00	Successful		FLWT00319826	fTtisRVls60JWfb6883	success	2016-10-07 11:12:16
76	cv2-96758104	cv238	1111	T2F	REQ	NOAUTH	5377XXXXXXXX7450	0.01	GH	GHS	08	19	api test							2016-10-07 11:17:56
77	cv2-96758104	cv238	1111	F2T	RSP	NOAUTH	5377XXXXXXXX7450	0.01	GH	GHS	08	19	lets just make up something	00	Successful		FLWT00319828	gcpaexlGJW0MVyI3622	success	2016-10-07 11:18:00
78	cv2-41539076	cv238	1111	T2F	REQ	NOAUTH	5377XXXXXXXX7450	0.01	GH	GHS	08	19	api test							2016-10-07 18:29:18
79	cv2-41539076	cv238	1111	F2T	RSP	NOAUTH	5377XXXXXXXX7450	0.01	GH	GHS	08	19	lets just make up something	00	Successful		FLWT00320171	ZsdeK8ZfWX0ZOGR1315	success	2016-10-07 18:29:25
80	cv2-48193027	cv238	1111	T2F	REQ	NOAUTH	5377XXXXXXXX7450	0.01	GH	GHS	08	19	api test							2016-10-07 18:31:05
81	cv2-48193027	cv238	1111	F2T	RSP	NOAUTH	5377XXXXXXXX7450	0.01	GH	GHS	08	19	lets just make up something	00	Successful		FLWT00320173	Z51cqGy4Ov0Hhcy8682	success	2016-10-07 18:31:08
82	gee-97316804	geevapp	1475889822	T2F	REQ	NOAUTH	4131XXXXXXXX6688	2	GH	GHS	10	17	Payment to support a project							2016-10-08 01:23:43
83	gee-95217608	geevapp	1475889837	T2F	REQ	NOAUTH	4131XXXXXXXX6688	2	GH	GHS	10	17	Payment to support a project							2016-10-08 01:23:57
84	cv2-47932168	cv238	1111	T2F	REQ	NOAUTH	4560XXXXXXXX6789	0.01	GH	GHS	09	18	api test							2016-10-09 00:46:21
85	cv2-47932168	cv238	1111	F2T	RSP	NOAUTH	4560XXXXXXXX6789	0.01	GH	GHS	09	18	lets just make up something	RR	Invalid card Number!				success	2016-10-09 00:46:22
86	cv2-12967805	cv238	1111	T2F	REQ	NOAUTH	4356XXXXXXXX3388	0.01	GH	GHS	09	18	api test							2016-10-09 00:59:47
87	cv2-12967805	cv238	1111	F2T	RSP	NOAUTH	4356XXXXXXXX3388	0.01	GH	GHS	09	18	lets just make up something	1	Unspecified+Failure		FLWT00320462		success	2016-10-09 00:59:51
88	cv2-70312865	cv238	1111	T2F	REQ	NOAUTH	4352XXXXXXXX0223	0.01	GH	GHS	01	21	api test							2016-10-09 01:04:44
89	cv2-70312865	cv238	1111	F2T	RSP	NOAUTH	4352XXXXXXXX0223	0.01	GH	GHS	01	21	lets just make up something	RR	Invalid card Number!				success	2016-10-09 01:04:45
90	cv2-16023547	cv238	1111	T2F	REQ	NOAUTH	4029XXXXXXXX0444	0.01	GH	GHS	08	19	api test							2016-10-09 01:07:20
91	cv2-16023547	cv238	1111	F2T	RSP	NOAUTH	4029XXXXXXXX0444	0.01	GH	GHS	08	19	lets just make up something	RR	Invalid card Number!				success	2016-10-09 01:07:21
92	cv2-48125690	cv238	1111	T2F	REQ	NOAUTH	4029XXXXXXXX0444	0.01	GH	GHS	08	19	api test							2016-10-09 01:09:05
93	cv2-48125690	cv238	1111	F2T	RSP	NOAUTH	4029XXXXXXXX0444	0.01	GH	GHS	08	19	lets just make up something	RR	Invalid card Number!				success	2016-10-09 01:09:05
94	cv2-75490132	cv238	1111	T2F	REQ	NOAUTH	4029XXXXXXXX0444	0.01	GH	GHS	08	19	api test							2016-10-09 01:09:05
95	cv2-75490132	cv238	1111	F2T	RSP	NOAUTH	4029XXXXXXXX0444	0.01	GH	GHS	08	19	lets just make up something	RR	Invalid card Number!				success	2016-10-09 01:09:05
96	cv2-34928506	cv238	1111	T2F	REQ	NOAUTH	4029XXXXXXXX0444	0.01	GH	GHS	08	19	api test							2016-10-09 01:09:12
97	cv2-34928506	cv238	1111	F2T	RSP	NOAUTH	4029XXXXXXXX0444	0.01	GH	GHS	08	19	lets just make up something	RR	Invalid card Number!				success	2016-10-09 01:09:12
98	cv2-40573198	cv238	1111	T2F	REQ	NOAUTH	4029XXXXXXXX0444	0.01	GH	GHS	08	19	api test							2016-10-09 01:09:12
99	cv2-40573198	cv238	1111	F2T	RSP	NOAUTH	4029XXXXXXXX0444	0.01	GH	GHS	08	19	lets just make up something	RR	Invalid card Number!				success	2016-10-09 01:09:13
100	cv2-06589473	cv238	1111	T2F	REQ	NOAUTH	4029XXXXXXXX0444	0.01	GH	GHS	08	19	api test							2016-10-09 01:10:22
101	cv2-06589473	cv238	1111	F2T	RSP	NOAUTH	4029XXXXXXXX0444	0.01	GH	GHS	08	19	lets just make up something	RR	Invalid card Number!				success	2016-10-09 01:10:23
102	cv2-48201739	cv238	1111	T2F	REQ	NOAUTH	4029XXXXXXXX0444	0.01	GH	GHS	08	19	api test							2016-10-09 01:10:23
103	cv2-48201739	cv238	1111	F2T	RSP	NOAUTH	4029XXXXXXXX0444	0.01	GH	GHS	08	19	lets just make up something	RR	Invalid card Number!				success	2016-10-09 01:10:23
104	cv2-41629357	cv238	1111	T2F	REQ	NOAUTH	4029XXXXXXXX0444	0.01	GH	GHS	08	19	api test							2016-10-09 01:10:30
105	cv2-41629357	cv238	1111	F2T	RSP	NOAUTH	4029XXXXXXXX0444	0.01	GH	GHS	08	19	lets just make up something	RR	Invalid card Number!				success	2016-10-09 01:10:30
106	cv2-21095687	cv238	1111	T2F	REQ	NOAUTH	4029XXXXXXXX0444	0.01	GH	GHS	08	19	api test							2016-10-09 01:10:30
107	cv2-21095687	cv238	1111	F2T	RSP	NOAUTH	4029XXXXXXXX0444	0.01	GH	GHS	08	19	lets just make up something	RR	Invalid card Number!				success	2016-10-09 01:10:31
108	cv2-24197835	cv238	1111	T2F	REQ	NOAUTH	4029XXXXXXXX0444	0.01	GH	GHS	08	19	api test							2016-10-09 01:11:30
109	cv2-24197835	cv238	1111	F2T	RSP	NOAUTH	4029XXXXXXXX0444	0.01	GH	GHS	08	19	lets just make up something	RR	Invalid card Number!				success	2016-10-09 01:11:31
110	cv2-94283510	cv238	1111	T2F	REQ	NOAUTH	4029XXXXXXXX0444	0.01	GH	GHS	08	19	api test							2016-10-09 01:11:31
111	cv2-94283510	cv238	1111	F2T	RSP	NOAUTH	4029XXXXXXXX0444	0.01	GH	GHS	08	19	lets just make up something	RR	Invalid card Number!				success	2016-10-09 01:11:31
112	cv2-13654827	cv238	1111	T2F	REQ	NOAUTH	4029XXXXXXXX0444	0.01	GH	GHS	08	19	api test							2016-10-09 01:14:51
113	cv2-13654827	cv238	1111	F2T	RSP	NOAUTH	4029XXXXXXXX0444	0.01	GH	GHS	08	19	lets just make up something	RR	Invalid card Number!				success	2016-10-09 01:14:52
114	cv2-47096813	cv238	1111	T2F	REQ	NOAUTH	4029XXXXXXXX0444	0.01	GH	GHS	08	19	api test							2016-10-09 01:14:52
115	cv2-47096813	cv238	1111	F2T	RSP	NOAUTH	4029XXXXXXXX0444	0.01	GH	GHS	08	19	lets just make up something	RR	Invalid card Number!				success	2016-10-09 01:14:52
116	cv2-69382701	cv238	1111	T2F	REQ	NOAUTH	4029XXXXXXXX0444	0.01	GH	GHS	08	19	api test							2016-10-09 01:15:31
117	cv2-69382701	cv238	1111	F2T	RSP	NOAUTH	4029XXXXXXXX0444	0.01	GH	GHS	08	19	lets just make up something	RR	Invalid card Number!				success	2016-10-09 01:15:32
118	cv2-96278314	cv238	1111	T2F	REQ	NOAUTH	4029XXXXXXXX0444	0.01	GH	GHS	08	19	api test							2016-10-09 01:15:32
119	cv2-96278314	cv238	1111	F2T	RSP	NOAUTH	4029XXXXXXXX0444	0.01	GH	GHS	08	19	lets just make up something	RR	Invalid card Number!				success	2016-10-09 01:15:32
120	cv2-71450692	cv238	1111	T2F	REQ	NOAUTH	4029XXXXXXXX0444	0.01	GH	GHS	08	19	api test							2016-10-09 01:16:27
121	cv2-71450692	cv238	1111	F2T	RSP	NOAUTH	4029XXXXXXXX0444	0.01	GH	GHS	08	19	lets just make up something	RR	Invalid card Number!				success	2016-10-09 01:16:27
122	cv2-16083954	cv238	1111	T2F	REQ	NOAUTH	4029XXXXXXXX0444	0.01	GH	GHS	08	19	api test							2016-10-09 01:16:27
123	cv2-16083954	cv238	1111	F2T	RSP	NOAUTH	4029XXXXXXXX0444	0.01	GH	GHS	08	19	lets just make up something	RR	Invalid card Number!				success	2016-10-09 01:16:27
124	cv2-61473592	cv238	1111	T2F	REQ	NOAUTH	4029XXXXXXXX0444	0.01	GH	GHS	08	19	api test							2016-10-09 01:17:32
125	cv2-61473592	cv238	1111	F2T	RSP	NOAUTH	4029XXXXXXXX0444	0.01	GH	GHS	08	19	lets just make up something	RR	Invalid card Number!				success	2016-10-09 01:17:33
126	cv2-92058736	cv238	1111	T2F	REQ	NOAUTH	4029XXXXXXXX0444	0.01	GH	GHS	08	19	api test							2016-10-09 01:17:33
127	cv2-92058736	cv238	1111	F2T	RSP	NOAUTH	4029XXXXXXXX0444	0.01	GH	GHS	08	19	lets just make up something	RR	Invalid card Number!				success	2016-10-09 01:17:33
128	cv2-28017953	cv238	1111	T2F	REQ	NOAUTH	4029XXXXXXXX0444	0.01	GH	GHS	08	19	api test							2016-10-09 01:20:51
129	cv2-28017953	cv238	1111	F2T	RSP	NOAUTH	4029XXXXXXXX0444	0.01	GH	GHS	08	19	lets just make up something	RR	Invalid card Number!				success	2016-10-09 01:20:52
130	cv2-98041357	cv238	1111	T2F	REQ	NOAUTH	4029XXXXXXXX0444	0.01	GH	GHS	08	19	api test							2016-10-09 01:20:52
131	cv2-98041357	cv238	1111	F2T	RSP	NOAUTH	4029XXXXXXXX0444	0.01	GH	GHS	08	19	lets just make up something	RR	Invalid card Number!				success	2016-10-09 01:20:52
132	cv2-54138967	cv238	1111	T2F	REQ	NOAUTH	4029XXXXXXXX0444	0.01	GH	GHS	08	19	api test							2016-10-09 01:24:56
133	cv2-54138967	cv238	1111	F2T	RSP	NOAUTH	4029XXXXXXXX0444	0.01	GH	GHS	08	19	lets just make up something	RR	Invalid card Number!				success	2016-10-09 01:24:56
134	cv2-26180745	cv238	1111	T2F	REQ	NOAUTH	4029XXXXXXXX0444	0.01	GH	GHS	08	19	api test							2016-10-09 01:24:56
135	cv2-26180745	cv238	1111	F2T	RSP	NOAUTH	4029XXXXXXXX0444	0.01	GH	GHS	08	19	lets just make up something	RR	Invalid card Number!				success	2016-10-09 01:24:57
136	cv2-38159426	cv238	1111	T2F	REQ	NOAUTH	4029XXXXXXXX0444	0.01	GH	GHS	08	19	api test							2016-10-09 01:28:56
137	cv2-38159426	cv238	1111	F2T	RSP	NOAUTH	4029XXXXXXXX0444	0.01	GH	GHS	08	19	lets just make up something	RR	Invalid card Number!				success	2016-10-09 01:28:56
138	cv2-13645708	cv238	1111	T2F	REQ	NOAUTH	4029XXXXXXXX0444	0.01	GH	GHS	08	19	api test							2016-10-09 01:29:36
139	cv2-13645708	cv238	1111	F2T	RSP	NOAUTH	4029XXXXXXXX0444	0.01	GH	GHS	08	19	lets just make up something	RR	Invalid card Number!				success	2016-10-09 01:29:37
140	cv2-59038274	cv238	1111	T2F	REQ	NOAUTH	4029XXXXXXXX0444	0.01	GH	GHS	08	19	api test							2016-10-09 01:29:37
141	cv2-59038274	cv238	1111	F2T	RSP	NOAUTH	4029XXXXXXXX0444	0.01	GH	GHS	08	19	lets just make up something	RR	Invalid card Number!				success	2016-10-09 01:29:37
142	cv2-89640753	cv238	1111	T2F	REQ	NOAUTH	4029XXXXXXXX0444	0.01	GH	GHS	08	19	api test							2016-10-09 01:29:48
143	cv2-89640753	cv238	1111	F2T	RSP	NOAUTH	4029XXXXXXXX0444	0.01	GH	GHS	08	19	lets just make up something	RR	Invalid card Number!				success	2016-10-09 01:29:49
144	cv2-16593408	cv238	1111	T2F	REQ	NOAUTH	4029XXXXXXXX0444	0.01	GH	GHS	08	19	api test							2016-10-09 01:29:49
145	cv2-16593408	cv238	1111	F2T	RSP	NOAUTH	4029XXXXXXXX0444	0.01	GH	GHS	08	19	lets just make up something	RR	Invalid card Number!				success	2016-10-09 01:29:49
146	cv2-53162498	cv238	1111	T2F	REQ	NOAUTH	4029XXXXXXXX0444	0.01	GH	GHS	08	19	api test							2016-10-09 01:30:07
147	cv2-53162498	cv238	1111	F2T	RSP	NOAUTH	4029XXXXXXXX0444	0.01	GH	GHS	08	19	lets just make up something	RR	Invalid card Number!				success	2016-10-09 01:30:08
148	cv2-70629514	cv238	1111	T2F	REQ	NOAUTH	4029XXXXXXXX0444	0.01	GH	GHS	08	19	api test							2016-10-09 01:30:08
149	cv2-70629514	cv238	1111	F2T	RSP	NOAUTH	4029XXXXXXXX0444	0.01	GH	GHS	08	19	lets just make up something	RR	Invalid card Number!				success	2016-10-09 01:30:08
150	cv2-93450782	cv238	1111	T2F	REQ	NOAUTH	4029XXXXXXXX0444	0.01	GH	GHS	08	19	api test							2016-10-09 01:31:21
151	cv2-93450782	cv238	1111	F2T	RSP	NOAUTH	4029XXXXXXXX0444	0.01	GH	GHS	08	19	lets just make up something	RR	Invalid card Number!				success	2016-10-09 01:31:22
152	cv2-13072568	cv238	1111	T2F	REQ	NOAUTH	4029XXXXXXXX0444	0.01	GH	GHS	08	19	api test							2016-10-09 01:31:22
153	cv2-13072568	cv238	1111	F2T	RSP	NOAUTH	4029XXXXXXXX0444	0.01	GH	GHS	08	19	lets just make up something	RR	Invalid card Number!				success	2016-10-09 01:31:22
154	cv2-34671895	cv238	1111	T2F	REQ	NOAUTH	4029XXXXXXXX0444	0.01	GH	GHS	08	19	api test							2016-10-09 01:33:03
155	cv2-34671895	cv238	1111	F2T	RSP	NOAUTH	4029XXXXXXXX0444	0.01	GH	GHS	08	19	lets just make up something	RR	Invalid card Number!				success	2016-10-09 01:33:04
156	cv2-72195648	cv238	1111	T2F	REQ	NOAUTH	4029XXXXXXXX0444	0.01	GH	GHS	08	19	api test							2016-10-09 01:33:04
157	cv2-72195648	cv238	1111	F2T	RSP	NOAUTH	4029XXXXXXXX0444	0.01	GH	GHS	08	19	lets just make up something	RR	Invalid card Number!				success	2016-10-09 01:33:04
158	cv2-74805231	cv238	1111	T2F	REQ	NOAUTH	4029XXXXXXXX0444	0.01	GH	GHS	08	19	api test							2016-10-09 01:35:05
159	cv2-74805231	cv238	1111	F2T	RSP	NOAUTH	4029XXXXXXXX0444	0.01	GH	GHS	08	19	lets just make up something	RR	Invalid card Number!				success	2016-10-09 01:35:06
160	cv2-73928541	cv238	1111	T2F	REQ	NOAUTH	4029XXXXXXXX0444	0.01	GH	GHS	08	19	api test							2016-10-09 01:35:06
161	cv2-73928541	cv238	1111	F2T	RSP	NOAUTH	4029XXXXXXXX0444	0.01	GH	GHS	08	19	lets just make up something	RR	Invalid card Number!				success	2016-10-09 01:35:06
162	cv2-40951783	cv238	1111	T2F	REQ	NOAUTH	4029XXXXXXXX0444	0.01	GH	GHS	08	19	api test							2016-10-09 01:35:49
163	cv2-40951783	cv238	1111	F2T	RSP	NOAUTH	4029XXXXXXXX0444	0.01	GH	GHS	08	19	lets just make up something	RR	Invalid card Number!				success	2016-10-09 01:35:49
164	cv2-41302687	cv238	1111	T2F	REQ	NOAUTH	4029XXXXXXXX0444	0.01	GH	GHS	08	19	api test							2016-10-09 01:35:49
165	cv2-41302687	cv238	1111	F2T	RSP	NOAUTH	4029XXXXXXXX0444	0.01	GH	GHS	08	19	lets just make up something	RR	Invalid card Number!				success	2016-10-09 01:35:49
166	cv2-38246105	cv238	1111	T2F	REQ	NOAUTH	4029XXXXXXXX0444	0.01	GH	GHS	08	19	api test							2016-10-09 01:36:36
167	cv2-38246105	cv238	1111	F2T	RSP	NOAUTH	4029XXXXXXXX0444	0.01	GH	GHS	08	19	lets just make up something	RR	Invalid card Number!				success	2016-10-09 01:36:36
168	cv2-53296710	cv238	1111	T2F	REQ	NOAUTH	4029XXXXXXXX0444	0.01	GH	GHS	08	19	api test							2016-10-09 01:36:36
169	cv2-53296710	cv238	1111	F2T	RSP	NOAUTH	4029XXXXXXXX0444	0.01	GH	GHS	08	19	lets just make up something	RR	Invalid card Number!				success	2016-10-09 01:36:37
170	cv2-84061257	cv238	1111	T2F	REQ	NOAUTH	4029XXXXXXXX0444	0.01	GH	GHS	08	19	api test							2016-10-09 01:42:33
171	cv2-84061257	cv238	1111	F2T	RSP	NOAUTH	4029XXXXXXXX0444	0.01	GH	GHS	08	19	lets just make up something	RR	Invalid card Number!				success	2016-10-09 01:42:33
172	cv2-84260713	cv238	1111	T2F	REQ	NOAUTH	4029XXXXXXXX0444	0.01	GH	GHS	08	19	api test							2016-10-09 01:43:05
173	cv2-84260713	cv238	1111	F2T	RSP	NOAUTH	4029XXXXXXXX0444	0.01	GH	GHS	08	19	lets just make up something	RR	Invalid card Number!				success	2016-10-09 01:43:05
174	cv2-01659824	cv238	1111	T2F	REQ	NOAUTH	4029XXXXXXXX0444	0.01	GH	GHS	08	19	api test							2016-10-09 01:45:56
175	cv2-01659824	cv238	1111	F2T	RSP	NOAUTH	4029XXXXXXXX0444	0.01	GH	GHS	08	19	lets just make up something	RR	Invalid card Number!				success	2016-10-09 01:45:56
176	cv2-83025416	cv238	1111	T2F	REQ	NOAUTH	4029XXXXXXXX0444	0.01	GH	GHS	08	19	api test							2016-10-09 01:45:56
177	cv2-83025416	cv238	1111	F2T	RSP	NOAUTH	4029XXXXXXXX0444	0.01	GH	GHS	08	19	lets just make up something	RR	Invalid card Number!				success	2016-10-09 01:45:57
178	cv2-61704925	cv238	1111	T2F	REQ	NOAUTH	4029XXXXXXXX0444	0.01	GH	GHS	08	19	api test							2016-10-09 01:47:22
179	cv2-61704925	cv238	1111	F2T	RSP	NOAUTH	4029XXXXXXXX0444	0.01	GH	GHS	08	19	lets just make up something	RR	Invalid card Number!				success	2016-10-09 01:47:22
180	cv2-31954207	cv238	1111	T2F	REQ	NOAUTH	4029XXXXXXXX0444	0.01	GH	GHS	08	19	api test							2016-10-09 01:47:22
181	cv2-31954207	cv238	1111	F2T	RSP	NOAUTH	4029XXXXXXXX0444	0.01	GH	GHS	08	19	lets just make up something	RR	Invalid card Number!				success	2016-10-09 01:47:22
182	cv2-37902485	cv238	1111	T2F	REQ	NOAUTH	4029XXXXXXXX0444	0.01	GH	GHS	08	19	api test							2016-10-09 01:47:58
183	cv2-37902485	cv238	1111	F2T	RSP	NOAUTH	4029XXXXXXXX0444	0.01	GH	GHS	08	19	lets just make up something	RR	Invalid card Number!				success	2016-10-09 01:47:58
184	cv2-30925148	cv238	1111	T2F	REQ	NOAUTH	4029XXXXXXXX0444	0.01	GH	GHS	08	19	api test							2016-10-09 01:47:58
185	cv2-30925148	cv238	1111	F2T	RSP	NOAUTH	4029XXXXXXXX0444	0.01	GH	GHS	08	19	lets just make up something	RR	Invalid card Number!				success	2016-10-09 01:47:58
186	cv2-09463781	cv238	1111	T2F	REQ	NOAUTH	4029XXXXXXXX0444	0.01	GH	GHS	08	19	api test							2016-10-09 01:48:57
187	cv2-09463781	cv238	1111	F2T	RSP	NOAUTH	4029XXXXXXXX0444	0.01	GH	GHS	08	19	lets just make up something	RR	Invalid card Number!				success	2016-10-09 01:48:58
188	cv2-23701468	cv238	1111	T2F	REQ	NOAUTH	4029XXXXXXXX0444	0.01	GH	GHS	08	19	api test							2016-10-09 01:48:58
189	cv2-23701468	cv238	1111	F2T	RSP	NOAUTH	4029XXXXXXXX0444	0.01	GH	GHS	08	19	lets just make up something	RR	Invalid card Number!				success	2016-10-09 01:48:58
190	cv2-85974603	cv238	1111	T2F	REQ	NOAUTH	4029XXXXXXXX0444	0.01	GH	GHS	08	19	api test							2016-10-09 01:50:22
191	cv2-85974603	cv238	1111	F2T	RSP	NOAUTH	4029XXXXXXXX0444	0.01	GH	GHS	08	19	lets just make up something	RR	Invalid card Number!				success	2016-10-09 01:50:23
192	cv2-90482567	cv238	1111	T2F	REQ	NOAUTH	4029XXXXXXXX0444	0.01	GH	GHS	08	19	api test							2016-10-09 01:50:23
193	cv2-90482567	cv238	1111	F2T	RSP	NOAUTH	4029XXXXXXXX0444	0.01	GH	GHS	08	19	lets just make up something	RR	Invalid card Number!				success	2016-10-09 01:50:23
194	cv2-98765240	cv238	1111	T2F	REQ	NOAUTH	4029XXXXXXXX0444	0.01	GH	GHS	08	19	api test							2016-10-09 01:51:15
195	cv2-98765240	cv238	1111	F2T	RSP	NOAUTH	4029XXXXXXXX0444	0.01	GH	GHS	08	19	lets just make up something	RR	Invalid card Number!				success	2016-10-09 01:51:15
196	cv2-50894213	cv238	1111	T2F	REQ	NOAUTH	4029XXXXXXXX0444	0.01	GH	GHS	08	19	api test							2016-10-09 01:51:15
197	cv2-50894213	cv238	1111	F2T	RSP	NOAUTH	4029XXXXXXXX0444	0.01	GH	GHS	08	19	lets just make up something	RR	Invalid card Number!				success	2016-10-09 01:51:15
198	cv2-84657301	cv238	1111	T2F	REQ	NOAUTH	4029XXXXXXXX0444	0.01	GH	GHS	08	19	api test							2016-10-09 01:58:28
199	cv2-84657301	cv238	1111	F2T	RSP	NOAUTH	4029XXXXXXXX0444	0.01	GH	GHS	08	19	lets just make up something	RR	Invalid card Number!				success	2016-10-09 01:58:29
200	cv2-64715908	cv238	1111	T2F	REQ	NOAUTH	4029XXXXXXXX0444	0.01	GH	GHS	08	19	api test							2016-10-09 01:58:29
201	cv2-64715908	cv238	1111	F2T	RSP	NOAUTH	4029XXXXXXXX0444	0.01	GH	GHS	08	19	lets just make up something	RR	Invalid card Number!				success	2016-10-09 01:58:29
202	cv2-71039286	cv238	1111	T2F	REQ	NOAUTH	4029XXXXXXXX0444	0.01	GH	GHS	08	19	api test							2016-10-09 01:59:06
203	cv2-71039286	cv238	1111	F2T	RSP	NOAUTH	4029XXXXXXXX0444	0.01	GH	GHS	08	19	lets just make up something	RR	Invalid card Number!				success	2016-10-09 01:59:06
204	cv2-83746519	cv238	1111	T2F	REQ	NOAUTH	4029XXXXXXXX0444	0.01	GH	GHS	08	19	api test							2016-10-09 01:59:06
205	cv2-83746519	cv238	1111	F2T	RSP	NOAUTH	4029XXXXXXXX0444	0.01	GH	GHS	08	19	lets just make up something	RR	Invalid card Number!				success	2016-10-09 01:59:07
206	cv2-36790452	cv238	1111	T2F	REQ	NOAUTH	4029XXXXXXXX0444	0.01	GH	GHS	08	19	api test							2016-10-09 02:00:21
207	cv2-36790452	cv238	1111	F2T	RSP	NOAUTH	4029XXXXXXXX0444	0.01	GH	GHS	08	19	lets just make up something	RR	Invalid card Number!				success	2016-10-09 02:00:22
208	cv2-93627851	cv238	1111	T2F	REQ	NOAUTH	4029XXXXXXXX0444	0.01	GH	GHS	08	19	api test							2016-10-09 02:00:22
209	cv2-93627851	cv238	1111	F2T	RSP	NOAUTH	4029XXXXXXXX0444	0.01	GH	GHS	08	19	lets just make up something	RR	Invalid card Number!				success	2016-10-09 02:00:22
210	cv2-84651702	cv238	1111	T2F	REQ	NOAUTH	4029XXXXXXXX0444	0.01	GH	GHS	08	19	api test							2016-10-09 02:02:05
211	cv2-84651702	cv238	1111	F2T	RSP	NOAUTH	4029XXXXXXXX0444	0.01	GH	GHS	08	19	lets just make up something	RR	Invalid card Number!				success	2016-10-09 02:02:06
212	cv2-71398620	cv238	1111	T2F	REQ	NOAUTH	4029XXXXXXXX0444	0.01	GH	GHS	08	19	api test							2016-10-09 02:02:06
213	cv2-71398620	cv238	1111	F2T	RSP	NOAUTH	4029XXXXXXXX0444	0.01	GH	GHS	08	19	lets just make up something	RR	Invalid card Number!				success	2016-10-09 02:02:06
214	cv2-04629137	cv238	1111	T2F	REQ	NOAUTH	4029XXXXXXXX0444	0.01	GH	GHS	08	19	api test							2016-10-09 02:02:44
215	cv2-04629137	cv238	1111	F2T	RSP	NOAUTH	4029XXXXXXXX0444	0.01	GH	GHS	08	19	lets just make up something	RR	Invalid card Number!				success	2016-10-09 02:02:44
216	cv2-45918702	cv238	1111	T2F	REQ	NOAUTH	4029XXXXXXXX0444	0.01	GH	GHS	08	19	api test							2016-10-09 02:03:14
217	cv2-45918702	cv238	1111	F2T	RSP	NOAUTH	4029XXXXXXXX0444	0.01	GH	GHS	08	19	lets just make up something	RR	Invalid card Number!				success	2016-10-09 02:03:14
218	cv2-04965378	cv238	1111	T2F	REQ	NOAUTH	4029XXXXXXXX0444	0.01	GH	GHS	08	19	api test							2016-10-09 02:03:14
219	cv2-04965378	cv238	1111	F2T	RSP	NOAUTH	4029XXXXXXXX0444	0.01	GH	GHS	08	19	lets just make up something	RR	Invalid card Number!				success	2016-10-09 02:03:14
220	cv2-15973208	cv238	1111	T2F	REQ	NOAUTH	4029XXXXXXXX0444	0.01	GH	GHS	08	19	api test							2016-10-09 02:03:51
221	cv2-15973208	cv238	1111	F2T	RSP	NOAUTH	4029XXXXXXXX0444	0.01	GH	GHS	08	19	lets just make up something	RR	Invalid card Number!				success	2016-10-09 02:03:52
222	cv2-53149027	cv238	1111	T2F	REQ	NOAUTH	4029XXXXXXXX0444	0.01	GH	GHS	08	19	api test							2016-10-09 02:03:52
223	cv2-53149027	cv238	1111	F2T	RSP	NOAUTH	4029XXXXXXXX0444	0.01	GH	GHS	08	19	lets just make up something	RR	Invalid card Number!				success	2016-10-09 02:03:52
224	cv2-56498320	cv238	1111	T2F	REQ	NOAUTH	4029XXXXXXXX0444	0.01	GH	GHS	08	19	api test							2016-10-09 02:05:30
225	cv2-56498320	cv238	1111	F2T	RSP	NOAUTH	4029XXXXXXXX0444	0.01	GH	GHS	08	19	lets just make up something	RR	Invalid card Number!				success	2016-10-09 02:05:31
226	cv2-39486712	cv238	1111	T2F	REQ	NOAUTH	4029XXXXXXXX0444	0.01	GH	GHS	08	19	api test							2016-10-09 02:05:31
227	cv2-39486712	cv238	1111	F2T	RSP	NOAUTH	4029XXXXXXXX0444	0.01	GH	GHS	08	19	lets just make up something	RR	Invalid card Number!				success	2016-10-09 02:05:31
228	cv2-50928634	cv238	1111	T2F	REQ	NOAUTH	4029XXXXXXXX0444	0.01	GH	GHS	08	19	api test							2016-10-09 02:06:24
229	cv2-50928634	cv238	1111	F2T	RSP	NOAUTH	4029XXXXXXXX0444	0.01	GH	GHS	08	19	lets just make up something	RR	Invalid card Number!				success	2016-10-09 02:06:25
230	cv2-61795038	cv238	1111	T2F	REQ	NOAUTH	4029XXXXXXXX0444	0.01	GH	GHS	08	19	api test							2016-10-09 02:06:25
231	cv2-61795038	cv238	1111	F2T	RSP	NOAUTH	4029XXXXXXXX0444	0.01	GH	GHS	08	19	lets just make up something	RR	Invalid card Number!				success	2016-10-09 02:06:25
232	cv2-62840791	cv238	1111	T2F	REQ	NOAUTH	4029XXXXXXXX0444	0.01	GH	GHS	08	19	api test							2016-10-09 02:06:50
233	cv2-62840791	cv238	1111	F2T	RSP	NOAUTH	4029XXXXXXXX0444	0.01	GH	GHS	08	19	lets just make up something	RR	Invalid card Number!				success	2016-10-09 02:06:50
234	cv2-82360719	cv238	1111	T2F	REQ	NOAUTH	4029XXXXXXXX0444	0.01	GH	GHS	08	19	api test							2016-10-09 02:06:50
235	cv2-82360719	cv238	1111	F2T	RSP	NOAUTH	4029XXXXXXXX0444	0.01	GH	GHS	08	19	lets just make up something	RR	Invalid card Number!				success	2016-10-09 02:06:51
236	cv2-09842713	cv238	1111	T2F	REQ	NOAUTH	4029XXXXXXXX0444	0.01	GH	GHS	08	19	api test							2016-10-09 02:07:35
237	cv2-09842713	cv238	1111	F2T	RSP	NOAUTH	4029XXXXXXXX0444	0.01	GH	GHS	08	19	lets just make up something	RR	Invalid card Number!				success	2016-10-09 02:07:36
238	cv2-57103462	cv238	1111	T2F	REQ	NOAUTH	4029XXXXXXXX0444	0.01	GH	GHS	08	19	api test							2016-10-09 02:07:36
239	cv2-57103462	cv238	1111	F2T	RSP	NOAUTH	4029XXXXXXXX0444	0.01	GH	GHS	08	19	lets just make up something	RR	Invalid card Number!				success	2016-10-09 02:07:36
240	cv2-07482915	cv238	1111	T2F	REQ	NOAUTH	4029XXXXXXXX0444	0.01	GH	GHS	08	19	api test							2016-10-09 02:09:30
241	cv2-07482915	cv238	1111	F2T	RSP	NOAUTH	4029XXXXXXXX0444	0.01	GH	GHS	08	19	lets just make up something	RR	Invalid card Number!				success	2016-10-09 02:09:30
242	cv2-32768105	cv238	1111	T2F	REQ	NOAUTH	4029XXXXXXXX0444	0.01	GH	GHS	08	19	api test							2016-10-09 02:09:30
243	cv2-32768105	cv238	1111	F2T	RSP	NOAUTH	4029XXXXXXXX0444	0.01	GH	GHS	08	19	lets just make up something	RR	Invalid card Number!				success	2016-10-09 02:09:30
244	cv2-20167348	cv238	1111	T2F	REQ	NOAUTH	4029XXXXXXXX0444	0.01	GH	GHS	08	19	api test							2016-10-09 02:10:18
245	cv2-20167348	cv238	1111	F2T	RSP	NOAUTH	4029XXXXXXXX0444	0.01	GH	GHS	08	19	lets just make up something	RR	Invalid card Number!				success	2016-10-09 02:10:18
246	cv2-71362458	cv238	1111	T2F	REQ	NOAUTH	4029XXXXXXXX0444	0.01	GH	GHS	08	19	api test							2016-10-09 02:11:02
247	cv2-71362458	cv238	1111	F2T	RSP	NOAUTH	4029XXXXXXXX0444	0.01	GH	GHS	08	19	lets just make up something	RR	Invalid card Number!				success	2016-10-09 02:11:03
248	cv2-38027196	cv238	1111	T2F	REQ	NOAUTH	4029XXXXXXXX0444	0.01	GH	GHS	08	19	api test							2016-10-09 02:11:03
249	cv2-38027196	cv238	1111	F2T	RSP	NOAUTH	4029XXXXXXXX0444	0.01	GH	GHS	08	19	lets just make up something	RR	Invalid card Number!				success	2016-10-09 02:11:03
250	cv2-10469753	cv238	1111	T2F	REQ	NOAUTH	4029XXXXXXXX0444	0.01	GH	GHS	08	19	api test							2016-10-09 02:11:41
251	cv2-10469753	cv238	1111	F2T	RSP	NOAUTH	4029XXXXXXXX0444	0.01	GH	GHS	08	19	lets just make up something	RR	Invalid card Number!				success	2016-10-09 02:11:42
252	cv2-90578142	cv238	1111	T2F	REQ	NOAUTH	4029XXXXXXXX0444	0.01	GH	GHS	08	19	api test							2016-10-09 02:11:42
253	cv2-90578142	cv238	1111	F2T	RSP	NOAUTH	4029XXXXXXXX0444	0.01	GH	GHS	08	19	lets just make up something	RR	Invalid card Number!				success	2016-10-09 02:11:42
254	cv2-56037241	cv238	1111	T2F	REQ	NOAUTH	4029XXXXXXXX0444	0.01	GH	GHS	08	19	api test							2016-10-09 02:15:58
255	cv2-56037241	cv238	1111	F2T	RSP	NOAUTH	4029XXXXXXXX0444	0.01	GH	GHS	08	19	lets just make up something	RR	Invalid card Number!				success	2016-10-09 02:15:58
256	cv2-15690327	cv238	1111	T2F	REQ	NOAUTH	4029XXXXXXXX0444	0.01	GH	GHS	08	19	api test							2016-10-09 02:15:58
257	cv2-15690327	cv238	1111	F2T	RSP	NOAUTH	4029XXXXXXXX0444	0.01	GH	GHS	08	19	lets just make up something	RR	Invalid card Number!				success	2016-10-09 02:15:59
258	cv2-48029715	cv238	1111	T2F	REQ	NOAUTH	4029XXXXXXXX0444	0.01	GH	GHS	08	19	api test							2016-10-09 02:16:39
259	cv2-48029715	cv238	1111	F2T	RSP	NOAUTH	4029XXXXXXXX0444	0.01	GH	GHS	08	19	lets just make up something	RR	Invalid card Number!				success	2016-10-09 02:16:40
260	cv2-72639810	cv238	1111	T2F	REQ	NOAUTH	4029XXXXXXXX0444	0.01	GH	GHS	08	19	api test							2016-10-09 02:16:40
261	cv2-72639810	cv238	1111	F2T	RSP	NOAUTH	4029XXXXXXXX0444	0.01	GH	GHS	08	19	lets just make up something	RR	Invalid card Number!				success	2016-10-09 02:16:40
262	cv2-07294513	cv238	1111	T2F	REQ	NOAUTH	4029XXXXXXXX0444	0.01	GH	GHS	08	19	api test							2016-10-09 02:17:59
263	cv2-07294513	cv238	1111	F2T	RSP	NOAUTH	4029XXXXXXXX0444	0.01	GH	GHS	08	19	lets just make up something	RR	Invalid card Number!				success	2016-10-09 02:18:00
264	cv2-58390627	cv238	1111	T2F	REQ	NOAUTH	4029XXXXXXXX0444	0.01	GH	GHS	08	19	api test							2016-10-09 02:18:00
265	cv2-58390627	cv238	1111	F2T	RSP	NOAUTH	4029XXXXXXXX0444	0.01	GH	GHS	08	19	lets just make up something	RR	Invalid card Number!				success	2016-10-09 02:18:00
266	cv2-10358426	cv238	1111	T2F	REQ	NOAUTH	4029XXXXXXXX0444	0.01	GH	GHS	08	19	api test							2016-10-09 02:18:41
267	cv2-10358426	cv238	1111	F2T	RSP	NOAUTH	4029XXXXXXXX0444	0.01	GH	GHS	08	19	lets just make up something	RR	Invalid card Number!				success	2016-10-09 02:18:41
268	cv2-90532748	cv238	1111	T2F	REQ	NOAUTH	4029XXXXXXXX0444	0.01	GH	GHS	08	19	api test							2016-10-09 02:18:41
269	cv2-90532748	cv238	1111	F2T	RSP	NOAUTH	4029XXXXXXXX0444	0.01	GH	GHS	08	19	lets just make up something	RR	Invalid card Number!				success	2016-10-09 02:18:42
270	cv2-16598234	cv238	1111	T2F	REQ	NOAUTH	5377XXXXXXXX7450	0.01	GH	GHS	08	19	api test							2016-10-09 02:27:14
271	cv2-16598234	cv238	1111	F2T	RSP	NOAUTH	5377XXXXXXXX7450	0.01	GH	GHS	08	19	lets just make up something	00	Successful		FLWT00320510	bm6T8Smccm0b0ZN4355	success	2016-10-09 02:27:18
272	cv2-45879106	cv238	1111	T2F	REQ	NOAUTH	1234XXXXXXXX4323	0.01	GH	GHS	01	21	api test							2016-10-09 12:56:03
273	cv2-45879106	cv238	1111	F2T	RSP	NOAUTH	1234XXXXXXXX4323	0.01	GH	GHS	01	21	lets just make up something	RR	Invalid card Number!				success	2016-10-09 12:56:03
274	cv2-36084597	cv238	1111	T2F	REQ	NOAUTH	1234XXXXXXXX4323	0.01	GH	GHS	01	21	api test							2016-10-09 12:56:23
275	cv2-36084597	cv238	1111	F2T	RSP	NOAUTH	1234XXXXXXXX4323	0.01	GH	GHS	01	21	lets just make up something	RR	Invalid card Number!				success	2016-10-09 12:56:24
276	cv2-79826013	cv238	1111	T2F	REQ	NOAUTH	1458XXXXXXXX9562	0.01	GH	GHS	01	21	api test							2016-10-09 12:56:45
277	cv2-79826013	cv238	1111	F2T	RSP	NOAUTH	1458XXXXXXXX9562	0.01	GH	GHS	01	21	lets just make up something	RR	Invalid card Number!				success	2016-10-09 12:56:46
278	cv2-23847095	cv238	1111	T2F	REQ	NOAUTH	1458XXXXXXXX9562	0.01	GH	GHS	08	19	api test							2016-10-09 12:57:07
279	cv2-23847095	cv238	1111	F2T	RSP	NOAUTH	1458XXXXXXXX9562	0.01	GH	GHS	08	19	lets just make up something	RR	Invalid card Number!				success	2016-10-09 12:57:39
280	cv2-91304865	cv238	1111	T2F	REQ	NOAUTH	1458XXXXXXXX9562	0.01	GH	GHS	08	19	api test							2016-10-09 13:02:43
281	cv2-91304865	cv238	1111	F2T	RSP	NOAUTH	1458XXXXXXXX9562	0.01	GH	GHS	08	19	lets just make up something	RR	Invalid card Number!				success	2016-10-09 13:02:44
282	cv2-18762493	cv238	1111	T2F	REQ	NOAUTH	1458XXXXXXXX9562	0.01	GH	GHS	08	19	api test							2016-10-09 13:04:11
283	cv2-18762493	cv238	1111	F2T	RSP	NOAUTH	1458XXXXXXXX9562	0.01	GH	GHS	08	19	lets just make up something	RR	Invalid card Number!				success	2016-10-09 13:04:11
284	cv2-74065839	cv238	1111	T2F	REQ	NOAUTH	1245XXXXXXXX5556	0.01	GH	GHS	10	20	api test							2016-10-09 13:05:34
285	cv2-74065839	cv238	1111	F2T	RSP	NOAUTH	1245XXXXXXXX5556	0.01	GH	GHS	10	20	lets just make up something	RR	Invalid card Number!				success	2016-10-09 13:05:35
286	cv2-57240963	cv238	1111	T2F	REQ	NOAUTH	1245XXXXXXXX5556	0.01	GH	GHS	10	20	api test							2016-10-09 13:08:46
287	cv2-57240963	cv238	1111	F2T	RSP	NOAUTH	1245XXXXXXXX5556	0.01	GH	GHS	10	20	lets just make up something	RR	Invalid card Number!				success	2016-10-09 13:08:47
288	cv2-78290614	cv238	1111	T2F	REQ	NOAUTH	1234XXXXXXXX6543	0.01	GH	GHS	09	21	api test							2016-10-09 13:16:09
289	cv2-78290614	cv238	1111	F2T	RSP	NOAUTH	1234XXXXXXXX6543	0.01	GH	GHS	09	21	lets just make up something	RR	Invalid card Number!				success	2016-10-09 13:16:10
290	cv2-57391682	cv238	1111	T2F	REQ	NOAUTH	0548XXXXXXXX7209	0.01	GH	GHS	04	21	api test							2016-10-09 13:16:56
291	cv2-57391682	cv238	1111	F2T	RSP	NOAUTH	0548XXXXXXXX7209	0.01	GH	GHS	04	21	lets just make up something	RR	Invalid card Number!				success	2016-10-09 13:16:57
292	cv2-38456129	cv238	1111	T2F	REQ	NOAUTH	0548XXXXXXXX7209	0.01	GH	GHS	04	21	api test							2016-10-09 13:23:00
293	cv2-38456129	cv238	1111	F2T	RSP	NOAUTH	0548XXXXXXXX7209	0.01	GH	GHS	04	21	lets just make up something	RR	Invalid card Number!				success	2016-10-09 13:23:00
294	cv2-49715036	cv238	1111	T2F	REQ	NOAUTH	0548XXXXXXXX7209	0.01	GH	GHS	04	21	api test							2016-10-09 13:24:17
295	cv2-49715036	cv238	1111	F2T	RSP	NOAUTH	0548XXXXXXXX7209	0.01	GH	GHS	04	21	lets just make up something	RR	Invalid card Number!				success	2016-10-09 13:24:17
296	cv2-86104793	cv238	1111	T2F	REQ	NOAUTH	0548XXXXXXXX7209	0.01	GH	GHS	04	21	api test							2016-10-09 13:24:41
297	cv2-86104793	cv238	1111	F2T	RSP	NOAUTH	0548XXXXXXXX7209	0.01	GH	GHS	04	21	lets just make up something	RR	Invalid card Number!				success	2016-10-09 13:24:41
298	cv2-76201893	cv238	1111	T2F	REQ	NOAUTH	0548XXXXXXXX7209	0.01	GH	GHS	04	21	api test							2016-10-09 13:26:01
299	cv2-76201893	cv238	1111	F2T	RSP	NOAUTH	0548XXXXXXXX7209	0.01	GH	GHS	04	21	lets just make up something	RR	Invalid card Number!				success	2016-10-09 13:26:01
300	cv2-01359628	cv238	1111	T2F	REQ	NOAUTH	0548XXXXXXXX7209	0.01	GH	GHS	04	21	api test							2016-10-09 13:26:53
301	cv2-01359628	cv238	1111	F2T	RSP	NOAUTH	0548XXXXXXXX7209	0.01	GH	GHS	04	21	lets just make up something	RR	Invalid card Number!				success	2016-10-09 13:26:53
302	cv2-52068931	cv238	1111	T2F	REQ	NOAUTH	3445XXXXXXXX6765	0.01	GH	GHS	04	16	api test							2016-10-10 11:11:05
303	cv2-52068931	cv238	1111	F2T	RSP	NOAUTH	3445XXXXXXXX6765	0.01	GH	GHS	04	16	lets just make up something	RR	Invalid card Number!				success	2016-10-10 11:11:06
304	cv2-29071365	cv238	1111	T2F	REQ	NOAUTH	3530XXXXXXXX0000	0.01	GH	GHS	08	18	api test							2016-10-10 11:37:10
305	cv2-29071365	cv238	1111	F2T	RSP	NOAUTH	3530XXXXXXXX0000	0.01	GH	GHS	08	18	lets just make up something	00	Successful		FLWT00321576	KSJij2EoTD07U8m3641	success	2016-10-10 11:37:14
306	cv2-96580234	cv238	1111	T2F	REQ	NOAUTH	3445XXXXXXXX6765	0.01	GH	GHS	04	16	api test							2016-10-10 11:39:47
307	cv2-96580234	cv238	1111	F2T	RSP	NOAUTH	3445XXXXXXXX6765	0.01	GH	GHS	04	16	lets just make up something	RR	Invalid card Number!				success	2016-10-10 11:39:47
308	the-57281430	theteller	102938475678	T2F	REQ	NOAUTH	5637XXXXXXXX3811	1.5	GH	GHS	05	19	theteller test real card							2016-10-12 14:23:28
309	the-57281430	theteller	102938475678	F2T	RSP	NOAUTH	5637XXXXXXXX3811	1.5	GH	GHS	05	19	lets just make up something	EE2	Invalid Currency!				success	2016-10-12 14:23:29
310	gee-27954160	geevapp	1476361317	T2F	REQ	NOAUTH	4131XXXXXXXX9632	1	GH	GHS	11	17	Payment to support a project							2016-10-13 12:21:57
311	gee-27954160	geevapp	1476361317	F2T	RSP	NOAUTH	4131XXXXXXXX9632	1	GH	GHS	11	17	lets just make up something	EE2	Invalid Currency!				success	2016-10-13 12:21:58
312	gee-10239867	geevapp	1476361324	T2F	REQ	NOAUTH	4131XXXXXXXX9632	1	GH	GHS	11	17	Payment to support a project							2016-10-13 12:22:05
313	gee-10239867	geevapp	1476361324	F2T	RSP	NOAUTH	4131XXXXXXXX9632	1	GH	GHS	11	17	lets just make up something	EE2	Invalid Currency!				success	2016-10-13 12:22:05
314	gee-48972016	geevapp	1476361333	T2F	REQ	NOAUTH	4131XXXXXXXX9632	1	GH	GHS	11	17	Payment to support a project							2016-10-13 12:22:13
315	gee-48972016	geevapp	1476361333	F2T	RSP	NOAUTH	4131XXXXXXXX9632	1	GH	GHS	11	17	lets just make up something	EE2	Invalid Currency!				success	2016-10-13 12:22:14
316	gee-56279148	geevapp	1476361342	T2F	REQ	NOAUTH	4131XXXXXXXX9632	1	GH	GHS	11	17	Payment to support a project							2016-10-13 12:22:23
317	gee-56279148	geevapp	1476361342	F2T	RSP	NOAUTH	4131XXXXXXXX9632	1	GH	GHS	11	17	lets just make up something	EE2	Invalid Currency!				success	2016-10-13 12:22:23
318	gee-13269405	geevapp	1476373067	T2F	REQ	NOAUTH	4131XXXXXXXX4386	1	GH	GHS	11	17	Payment to support a project							2016-10-13 15:37:47
319	gee-13269405	geevapp	1476373067	F2T	RSP	NOAUTH	4131XXXXXXXX4386	1	GH	GHS	11	17	lets just make up something	EE2	Invalid Currency!				success	2016-10-13 15:37:48
320	gee-91026835	geevapp	1476373071	T2F	REQ	NOAUTH	4131XXXXXXXX4386	1	GH	GHS	11	17	Payment to support a project							2016-10-13 15:37:51
321	gee-91026835	geevapp	1476373071	F2T	RSP	NOAUTH	4131XXXXXXXX4386	1	GH	GHS	11	17	lets just make up something	EE2	Invalid Currency!				success	2016-10-13 15:37:52
322	gee-35764012	geevapp	1476373085	T2F	REQ	NOAUTH	4131XXXXXXXX4386	1	GH	GHS	11	17	Payment to support a project							2016-10-13 15:38:05
323	gee-35764012	geevapp	1476373085	F2T	RSP	NOAUTH	4131XXXXXXXX4386	1	GH	GHS	11	17	lets just make up something	EE2	Invalid Currency!				success	2016-10-13 15:38:05
324	gee-86904513	geevapp	1476373090	T2F	REQ	NOAUTH	4131XXXXXXXX4386	1	GH	GHS	11	17	Payment to support a project							2016-10-13 15:38:10
325	gee-86904513	geevapp	1476373090	F2T	RSP	NOAUTH	4131XXXXXXXX4386	1	GH	GHS	11	17	lets just make up something	EE2	Invalid Currency!				success	2016-10-13 15:38:10
326	cv2-62130589	cv238	1111	T2F	REQ	NOAUTH	4842XXXXXXXX2547	0.01	GH	GHS	08	19	api test							2016-10-13 21:03:34
327	cv2-62130589	cv238	1111	F2T	RSP	NOAUTH	4842XXXXXXXX2547	0.01	GH	GHS	08	19	lets just make up something	EE2	Invalid Currency!				success	2016-10-13 21:03:34
328	cv2-63752140	cv238	1111	T2F	REQ	NOAUTH	4842XXXXXXXX2547	0.01	GH	GHS	08	19	api test							2016-10-13 21:03:45
329	cv2-63752140	cv238	1111	F2T	RSP	NOAUTH	4842XXXXXXXX2547	0.01	GH	GHS	08	19	lets just make up something	EE2	Invalid Currency!				success	2016-10-13 21:03:46
330	cv2-97512384	cv238	1111	T2F	REQ	NOAUTH	4842XXXXXXXX2547	0.01	GH	GHS	08	19	api test							2016-10-13 21:03:54
331	cv2-97512384	cv238	1111	F2T	RSP	NOAUTH	4842XXXXXXXX2547	0.01	GH	GHS	08	19	lets just make up something	EE2	Invalid Currency!				success	2016-10-13 21:03:54
332	cv2-38501497	cv238	1111	T2F	REQ	NOAUTH	4842XXXXXXXX2547	0.01	GH	GHS	08	19	api test							2016-10-13 21:04:09
333	cv2-38501497	cv238	1111	F2T	RSP	NOAUTH	4842XXXXXXXX2547	0.01	GH	GHS	08	19	lets just make up something	EE2	Invalid Currency!				success	2016-10-13 21:04:09
334	cv2-41370589	cv238	1111	T2F	REQ	NOAUTH	4842XXXXXXXX2547	0.01	GH	GHS	08	19	api test							2016-10-13 21:04:27
335	cv2-41370589	cv238	1111	F2T	RSP	NOAUTH	4842XXXXXXXX2547	0.01	GH	GHS	08	19	lets just make up something	EE2	Invalid Currency!				success	2016-10-13 21:04:27
336	cv2-47912806	cv238	1111	T2F	REQ	NOAUTH	4842XXXXXXXX2547	0.01	GH	GHS	08	19	api test							2016-10-13 21:04:32
337	cv2-47912806	cv238	1111	F2T	RSP	NOAUTH	4842XXXXXXXX2547	0.01	GH	GHS	08	19	lets just make up something	EE2	Invalid Currency!				success	2016-10-13 21:04:32
338	cv2-27906458	cv238	1111	T2F	REQ	NOAUTH	3530XXXXXXXX0000	0.01	GH	GHS	08	18	api test							2016-10-13 21:06:04
339	cv2-27906458	cv238	1111	F2T	RSP	NOAUTH	3530XXXXXXXX0000	0.01	GH	GHS	08	18	lets just make up something	EE2	Invalid Currency!				success	2016-10-13 21:06:05
340	cv2-15342876	cv238	1111	T2F	REQ	NOAUTH	3530XXXXXXXX0000	0.01	GH	GHS	08	18	api test							2016-10-13 21:06:15
341	cv2-15342876	cv238	1111	F2T	RSP	NOAUTH	3530XXXXXXXX0000	0.01	GH	GHS	08	18	lets just make up something	EE2	Invalid Currency!				success	2016-10-13 21:06:15
342	cv2-98376452	cv238	1111	T2F	REQ	NOAUTH	3530XXXXXXXX0000	0.01	GH	GHS	08	18	api test							2016-10-13 21:07:54
343	cv2-98376452	cv238	1111	F2T	RSP	NOAUTH	3530XXXXXXXX0000	0.01	GH	GHS	08	18	lets just make up something	EE2	Invalid Currency!				success	2016-10-13 21:07:55
344	cv2-17239685	cv238	1111	T2F	REQ	NOAUTH	4842XXXXXXXX2547	0.01	GH	GHS	08	19	api test							2016-10-13 21:08:09
345	cv2-17239685	cv238	1111	F2T	RSP	NOAUTH	4842XXXXXXXX2547	0.01	GH	GHS	08	19	lets just make up something	EE2	Invalid Currency!				success	2016-10-13 21:08:09
346	cv2-38956702	cv238	1111	T2F	REQ	NOAUTH	3530XXXXXXXX0000	0.01	GH	GHS	08	18	api test							2016-10-13 21:13:13
347	cv2-38956702	cv238	1111	F2T	RSP	NOAUTH	3530XXXXXXXX0000	0.01	GH	GHS	08	18	lets just make up something	EE2	Invalid Currency!				success	2016-10-13 21:13:13
348	cv2-24071863	cv238	1111	T2F	REQ	NOAUTH	5377XXXXXXXX7450	0.01	GH	GHS	08	19	api test							2016-10-13 21:14:26
349	cv2-24071863	cv238	1111	F2T	RSP	NOAUTH	5377XXXXXXXX7450	0.01	GH	GHS	08	19	lets just make up something	EE2	Invalid Currency!				success	2016-10-13 21:14:27
350	cv2-64953817	cv238	1111	T2F	REQ	NOAUTH	4842XXXXXXXX2547	0.01	GH	GHS	10	18	api test							2016-10-14 11:30:32
351	cv2-64953817	cv238	1111	F2T	RSP	NOAUTH	4842XXXXXXXX2547	0.01	GH	GHS	10	18	lets just make up something	EE2	Invalid Currency!				success	2016-10-14 11:30:34
352	cv2-92516837	cv238	1111	T2F	REQ	NOAUTH	4842XXXXXXXX2547	0.01	GH	GHS	10	18	api test							2016-10-14 11:32:32
353	cv2-92516837	cv238	1111	F2T	RSP	NOAUTH	4842XXXXXXXX2547	0.01	GH	GHS	10	18	lets just make up something	EE2	Invalid Currency!				success	2016-10-14 11:32:32
354	cv2-30124687	cv238	1111	T2F	REQ	NOAUTH	3530XXXXXXXX0000	0.01	GH	GHS	10	18	api test							2016-10-14 11:37:42
355	cv2-30124687	cv238	1111	F2T	RSP	NOAUTH	3530XXXXXXXX0000	0.01	GH	GHS	10	18	lets just make up something	EE2	Invalid Currency!				success	2016-10-14 11:37:43
356	cv2-96452801	cv238	1111	T2F	REQ	NOAUTH	4205XXXXXXXX7642	0.01	GH	GHS	07	16	api test							2016-10-14 11:42:07
357	cv2-96452801	cv238	1111	F2T	RSP	NOAUTH	4205XXXXXXXX7642	0.01	GH	GHS	07	16	lets just make up something	EE2	Invalid Currency!				success	2016-10-14 11:42:07
358	cv2-87306459	cv238	1111	T2F	REQ	NOAUTH	5377XXXXXXXX7450	0.01	GH	GHS	08	19	api test							2016-10-14 12:17:12
359	cv2-87306459	cv238	1111	F2T	RSP	NOAUTH	5377XXXXXXXX7450	0.01	GH	GHS	08	19	lets just make up something	EE2	Invalid Currency!				success	2016-10-14 12:17:13
360	cv2-74019583	cv238	1111	T2F	REQ	NOAUTH	5377XXXXXXXX7450	0.01	GH	GHS	08	19	api test							2016-10-14 12:18:58
361	cv2-74019583	cv238	1111	F2T	RSP	NOAUTH	5377XXXXXXXX7450	0.01	GH	GHS	08	19	lets just make up something	EE2	Invalid Currency!				success	2016-10-14 12:18:58
362	cv2-25304781	cv238	1111	T2F	REQ	NOAUTH	5377XXXXXXXX7450	0.01	GH	GHS	08	19	api test							2016-10-14 12:20:04
363	cv2-25304781	cv238	1111	F2T	RSP	NOAUTH	5377XXXXXXXX7450	0.01	GH	GHS	08	19	lets just make up something	EE2	Invalid Currency!				success	2016-10-14 12:20:04
364	the-06743298	theteller	102938475678	T2F	REQ	NOAUTH	5637XXXXXXXX3811	3.5	GH	GHS	10	18	try again							2016-10-18 11:00:45
365	the-06743298	theteller	102938475678	F2T	RSP	NOAUTH	5637XXXXXXXX3811	3.5	GH	GHS	10	18	lets just make up something	EE2	Invalid Currency!				success	2016-10-18 11:00:45
366	the-19058342	theteller	102938475678	T2F	REQ	NOAUTH	5637XXXXXXXX3811	3.5			10	18	try again							2016-10-18 11:04:31
367	the-19058342	theteller	102938475678	F2T	RSP	NOAUTH	5637XXXXXXXX3811	3.5	GH	GHS	10	18	lets just make up something	R0	Sorry, you need to add currency to your request				success	2016-10-18 11:04:32
368	the-39068541	theteller	102938475678	T2F	REQ	NOAUTH	5637XXXXXXXX3811	3.5			10	18	try again							2016-10-18 11:04:51
369	the-39068541	theteller	102938475678	F2T	RSP	NOAUTH	5637XXXXXXXX3811	3.5	GH	GHS	10	18	lets just make up something	R0	Sorry, you need to add currency to your request				success	2016-10-18 11:04:51
370				F2T	RSP	NOAUTH			GH	GHS			lets just make up something							2016-10-18 11:06:50
371				F2T	RSP	NOAUTH			GH	GHS			lets just make up something							2016-10-18 11:09:15
372	the-65147280	theteller	102938475678	T2F	REQ	NOAUTH	5637XXXXXXXX3811	3.5			10	18	try again							2016-10-18 11:15:53
373	the-36094127	theteller	102938475678	T2F	REQ	NOAUTH	5637XXXXXXXX3811	3.5			10	18	try again							2016-10-18 11:16:36
374	the-36094127	theteller	102938475678	F2T	RSP	NOAUTH	5637XXXXXXXX3811	3.5	GH	GHS	10	18	lets just make up something	R0	Sorry, you need to add currency to your request				success	2016-10-18 11:16:37
375	the-92451063	theteller	102938475678	T2F	REQ	NOAUTH	5637XXXXXXXX3811	3.5			10	18	try again							2016-10-18 11:20:13
376	the-18576093	theteller	102938475678	T2F	REQ	NOAUTH	5637XXXXXXXX3811	3.5	GH		10	18	try again							2016-10-18 11:23:43
377	the-79602853	theteller	102938475678	T2F	REQ	NOAUTH	5637XXXXXXXX3811	3.5	GH		10	18	try again							2016-10-18 11:24:37
378	the-75348926	theteller	102938475678	T2F	REQ	NOAUTH	5637XXXXXXXX3811	3.5	GH	GHS	10	18	try again							2016-10-18 11:26:40
379	the-48720695	theteller	102938475678	T2F	REQ	NOAUTH	5637XXXXXXXX3811	3.5	GH	GHS	10	18	try again							2016-10-18 11:28:33
380	the-74805129	theteller	102938475678	T2F	REQ	NOAUTH	5637XXXXXXXX3811	3.5	GH	GHS	10	18	try again							2016-10-18 11:28:48
381	the-97152408	theteller	102938475678	T2F	REQ	NOAUTH	5637XXXXXXXX3811	3.5	GH	GHS	10	18	try again							2016-10-18 11:29:37
382	the-96305427	theteller	102938475678	T2F	REQ	NOAUTH	5637XXXXXXXX3811	3.5	KE	KES	10	18	try again							2016-10-18 11:31:11
383	the-20965483	theteller	102938475678	T2F	REQ	NOAUTH	5637XXXXXXXX3811	3.5	KE	KES	10	18	try again							2016-10-18 11:33:13
384	the-27504196	theteller	102938475678	T2F	REQ	NOAUTH	5637XXXXXXXX3811	3.5	KE	KES	10	18	try again							2016-10-18 11:39:08
385	the-25639804	theteller	102938475678	T2F	REQ	NOAUTH	5637XXXXXXXX3811	3.5	KE	KES	10	18	try again							2016-10-18 11:39:50
386	the-09456872	theteller	102938475678	T2F	REQ	NOAUTH	5637XXXXXXXX3811	3.5	KE	KES	10	18	try again							2016-10-18 11:44:05
387	the-24065971	theteller	102938475678	F2T	RSP	NOAUTH	5637XXXXXXXX3811	3.5	GH	GHS	10	18	lets just make up something	RR	Permission Denied!				success	2016-10-18 11:44:32
388	the-26879451	theteller	102938475678	F2T	RSP	NOAUTH	5200XXXXXXXX8210	3.5	GH	GHS	08	18	lets just make up something	RR	Permission Denied!				success	2016-10-18 11:47:17
389	the-39140678	theteller	102938475678	F2T	RSP	NOAUTH	4604XXXXXXXX8571	3.5	GH	GHS	08	18	lets just make up something	RR	Permission Denied!				success	2016-10-18 11:48:52
390	the-15208694	theteller	102938475678	T2F	REQ	NOAUTH	8989XXXXX1234	3.5	GH	GHS	05	19	try again							2016-10-18 13:15:08
391	the-63540792	theteller	102938475678	T2F	REQ	NOAUTH	8989XXXXX1234	3.5	GH	GHS	05	19	try again							2016-10-18 13:17:59
392	the-24357169	theteller	102938475678	T2F	REQ	NOAUTH	5105XXXXXXXX5100	3.5	GH	GHS	05	19	try again							2016-10-18 13:19:08
393	the-45036182	theteller	102938475678	T2F	REQ	NOAUTH	5105XXXXXXXX5100	3.5	GH	GHS	05	19	try again							2016-10-18 13:24:14
394	the-45036182	theteller	102938475678	F2T	RSP	NOAUTH	5105XXXXXXXX5100	3.5	GH	GHS	05	19	lets just make up something	RR	Card Tokenization Failed. Please try again				success	2016-10-18 13:24:15
395	the-08294765	theteller	102938475678	T2F	REQ	NOAUTH	5105XXXXXXXX5100	3.5	GH	GHS	05	19	try again							2016-10-18 13:25:07
396	the-08294765	theteller	102938475678	F2T	RSP	NOAUTH	5105XXXXXXXX5100	3.5	GH	GHS	05	19	lets just make up something	RR	Card Tokenization Failed. Please try again				success	2016-10-18 13:25:08
397	the-98534601	theteller	102938475678	T2F	REQ	NOAUTH	5105XXXXXXXX5100	3.5	GH	GHS	05	19	try again							2016-10-18 13:28:07
398	the-98534601	theteller	102938475678	F2T	RSP	NOAUTH	5105XXXXXXXX5100	3.5	GH	GHS	05	19	lets just make up something	RR	Card Tokenization Failed. Please try again				success	2016-10-18 13:28:08
399	the-56348970	theteller	102938475678	T2F	REQ	NOAUTH	5105XXXXXXXX5100	3.5	GH	GHS	08	19	try again							2016-10-18 13:30:18
400	the-56348970	theteller	102938475678	F2T	RSP	NOAUTH	5105XXXXXXXX5100	3.5	GH	GHS	08	19	lets just make up something	RR	Card Tokenization Failed. Please try again				success	2016-10-18 13:30:19
401	the-04128769	theteller	102938475678	T2F	REQ	NOAUTH	5105XXXXXXXX5100	3.5	GH	GHS	08	18	try again							2016-10-18 13:30:44
402	the-04128769	theteller	102938475678	F2T	RSP	NOAUTH	5105XXXXXXXX5100	3.5	GH	GHS	08	18	lets just make up something	RR	Card Tokenization Failed. Please try again				success	2016-10-18 13:30:45
403	the-04689215	theteller	102938475678	T2F	REQ	NOAUTH	5105XXXXXXXX5100	3.5	GH	GHS	08	18	try again							2016-10-18 13:34:01
404	the-15327869	theteller	102938475678	T2F	REQ	NOAUTH	5105XXXXXXXX5100	3.5	GH	GHS	08	18	try again							2016-10-18 13:35:09
405	the-45928360	theteller	102938475678	T2F	REQ	NOAUTH	5105XXXXXXXX5100	3.5	GH	GHS	08	18	try again							2016-10-18 13:47:51
406	gee-97615403	geevapp	201298377821	T2F	REQ		5043XXXXXXXX7506	20	GH	GHS	01	18	geevapp test							2016-10-18 13:52:17
407	gee-97615403	geevapp	201298377821	F2T	RSP	NOAUTH	5043XXXXXXXX7506	20	GH	GHS	01	18	lets just make up something	RR	Unable to tokenize Card				success	2016-10-18 13:52:19
408	the-97358241	theteller	102938475678	T2F	REQ		5637XXXXXXXX3811	3.5	GH	GHS	10	18	try again							2016-10-18 13:52:48
409	the-97358241	theteller	102938475678	F2T	RSP	NOAUTH	5637XXXXXXXX3811	3.5	GH	GHS	10	18	lets just make up something	RR	Unable to tokenize Card				success	2016-10-18 13:52:49
410	the-16483750	theteller	102938475678	T2F	REQ	NOAUTH	5105XXXXXXXX5100	3.5	GH	GHS	05	19	try again							2016-10-18 13:53:09
411	the-16483750	theteller	102938475678	F2T	RSP	NOAUTH	5105XXXXXXXX5100	3.5	GH	GHS	05	19	lets just make up something	RR	Card Tokenization Failed. Please try again				success	2016-10-18 13:53:10
412	the-57832460	theteller	102938475678	T2F	REQ	NOAUTH	5105XXXXXXXX5100	3.5	GH	GHS	08	18	try again							2016-10-18 13:53:21
413	the-57832460	theteller	102938475678	F2T	RSP	NOAUTH	5105XXXXXXXX5100	3.5	GH	GHS	08	18	lets just make up something	RR	Card Tokenization Failed. Please try again				success	2016-10-18 13:53:22
414	the-14826937	theteller	102938475678	T2F	REQ	NOAUTH	5105XXXXXXXX5100	3.5	GH	GHS	08	18	try again							2016-10-18 13:55:51
415	the-04598236	theteller	102938475678	T2F	REQ	NOAUTH	3782XXXXXXX0005	3.5	GH	GHS	08	18	try again							2016-10-18 13:58:26
416	the-17509364	theteller	102938475678	T2F	REQ	NOAUTH	3782XXXXXXX0005	3.5	GH	GHS	08	18	try again							2016-10-18 13:59:01
417	the-17509364	theteller	102938475678	F2T	RSP	NOAUTH	3782XXXXXXX0005	3.5	GH	GHS	08	18	lets just make up something	RR	Card Tokenization Failed. Please try again				success	2016-10-18 13:59:01
418	the-69754013	theteller	102938475678	T2F	REQ	NOAUTH	3056XXXXXX5904	3.5	GH	GHS	08	18	try again							2016-10-18 14:00:15
419	the-69754013	theteller	102938475678	F2T	RSP	NOAUTH	3056XXXXXX5904	3.5	GH	GHS	08	18	lets just make up something	RR	Card Tokenization Failed. Please try again				success	2016-10-18 14:00:16
420	the-84275361	theteller	102938475678	T2F	REQ	NOAUTH	3056XXXXXX5904	3.5	GH	GHS	08	18	try again							2016-10-18 14:09:20
421	the-84275361	theteller	102938475678	F2T	RSP	NOAUTH	3056XXXXXX5904	3.5	GH	GHS	08	18	lets just make up something	RR	Card Tokenization Failed. Please try again				success	2016-10-18 14:09:21
422	the-82971054	theteller	102938475678	T2F	REQ	NOAUTH	5377XXXXXXXX7450	3.5	GH	GHS	08	18	try again							2016-10-18 14:15:59
423	the-82971054	theteller	102938475678	F2T	RSP	NOAUTH	5377XXXXXXXX7450	3.5	GH	GHS	08	18	lets just make up something	RR	Card Tokenization Failed. Please try again				success	2016-10-18 14:16:00
424	the-58610937	theteller	102938475678	T2F	REQ	NOAUTH	5377XXXXXXXX7450	3.5	GH	GHS	08	18	try again							2016-10-18 14:16:56
425	the-97612843	theteller	102938475678	T2F	REQ	NOAUTH	5377XXXXXXXX7450	3.5	GH	GHS	08	18	try again							2016-10-18 14:17:02
426	the-74095813	theteller	102938475678	T2F	REQ	NOAUTH	5377XXXXXXXX7450	3.5	GH	GHS	08	18	try again							2016-10-18 14:18:33
427	the-09175648	theteller	102938475678	T2F	REQ	NOAUTH	5377XXXXXXXX7450	3.5	GH	GHS	08	18	try again							2016-10-18 14:19:16
428	the-85341762	theteller	102938475678	T2F	REQ	NOAUTH	5377XXXXXXXX7450	3.5	GH	GHS	08	18	try again							2016-10-18 14:19:37
429	the-53016428	theteller	102938475678	T2F	REQ	NOAUTH	5377XXXXXXXX7450	3.5	GH	GHS	08	18	try again							2016-10-18 14:22:06
430	the-03261459	theteller	102938475678	T2F	REQ	NOAUTH	5377XXXXXXXX7450	3.5	GH	GHS	08	18	try again							2016-10-18 14:23:07
431	the-27154380	theteller	102938475678	T2F	REQ	NOAUTH	5377XXXXXXXX7450	3.5	GH	GHS	08	18	try again							2016-10-18 14:27:57
432	the-27154380	theteller	102938475678	F2T	RSP	NOAUTH	5377XXXXXXXX7450	3.5	GH	GHS	08	18	lets just make up something	RR	Card Tokenization Failed. Please try again				success	2016-10-18 14:27:58
433	the-58346129	theteller	102938475678	T2F	REQ	NOAUTH	5377XXXXXXXX7450	3.5	GH	GHS	08	18	try again							2016-10-18 14:28:47
434	the-58346129	theteller	102938475678	F2T	RSP	NOAUTH	5377XXXXXXXX7450	3.5	GH	GHS	08	18	lets just make up something	RR	Card Tokenization Failed. Please try again				success	2016-10-18 14:28:48
435	the-48795201	theteller	102938475678	T2F	REQ	NOAUTH	5377XXXXXXXX7450	3.5	GH	GHS	08	19	try again							2016-10-18 14:31:35
436	the-48795201	theteller	102938475678	F2T	RSP	NOAUTH	5377XXXXXXXX7450	3.5	GH	GHS	08	19	lets just make up something	RR	Card Tokenization Failed. Please try again				success	2016-10-18 14:31:36
437	the-67408295	theteller	102938475678	T2F	REQ	NOAUTH	5377XXXXXXXX7450	3.5	GH	GHS	08	19	try again							2016-10-18 14:32:22
438	the-67408295	theteller	102938475678	F2T	RSP	NOAUTH	5377XXXXXXXX7450	3.5	GH	GHS	08	19	lets just make up something	RR	Card Tokenization Failed. Please try again				success	2016-10-18 14:32:22
439	the-03942715	theteller	102938475678	T2F	REQ	NOAUTH	5377XXXXXXXX7450	3.5	GH	GHS	08	19	try again							2016-10-18 14:40:41
440	the-03942715	theteller	102938475678	F2T	RSP	NOAUTH	5377XXXXXXXX7450	3.5	GH	GHS	08	19	lets just make up something	RR	Card Tokenization Failed. Please try again				success	2016-10-18 14:40:43
441	the-76908541	theteller	102938475678	T2F	REQ	NOAUTH	5377XXXXXXXX7450	3.5	GH	GHS	08	19	try again							2016-10-18 14:44:02
442	the-76908541	theteller	102938475678	F2T	RSP	NOAUTH	5377XXXXXXXX7450	3.5	GH	GHS	08	19	lets just make up something	RR	Card Tokenization Failed. Please try again				success	2016-10-18 14:44:03
443	the-95120476	theteller	102938475678	T2F	REQ	NOAUTH	5377XXXXXXXX7450	3.5	GH	GHS	08	19	try again							2016-10-18 14:46:07
444	the-91235786	theteller	102938475678	T2F	REQ	NOAUTH	5377XXXXXXXX7450	3.5	GH	GHS	08	19	try again							2016-10-18 14:56:11
445	the-01832754	theteller	102938475678	T2F	REQ	NOAUTH	5377XXXXXXXX7450	3.5	GH	GHS	08	19	try again							2016-10-18 14:56:24
446	the-90371264	theteller	102938475678	T2F	REQ	NOAUTH	5377XXXXXXXX7450	3.5	GH	GHS	08	19	try again							2016-10-18 14:58:36
447	the-54073162	theteller	102938475678	T2F	REQ	NOAUTH	5377XXXXXXXX7450	3.5	GH	GHS	08	19	try again							2016-10-18 15:04:34
448	the-18596073	theteller	102938475678	T2F	REQ	NOAUTH	5377XXXXXXXX7450	3.5	GH	GHS	08	19	try again							2016-10-18 15:04:56
449	the-18596073	theteller	102938475678	F2T	RSP	NOAUTH	5377XXXXXXXX7450	3.5	GH	GHS	08	19	lets just make up something	00	Successful		FLWT00328615	SXikNeJC0N00b2j0689	success	2016-10-18 15:04:59
450	the-89364520	theteller	161327902833	T2F	REQ		5200XXXXXXXX8210	2.06	GH	GHS	08	18	PaySwitch Bill Payment							2016-10-18 16:55:45
451	the-89364520	theteller	161327902833	F2T	RSP	NOAUTH	5200XXXXXXXX8210	2.06	GH	GHS	08	18	lets just make up something	00	Success: Approved by Financial Institution		R/FLW00328868	Y3Zf0r9Zo20GxvC9390	success	2016-10-18 16:55:48
452	the-94610385	theteller	102938475678	T2F	REQ	NOAUTH	5377XXXXXXXX7450	3.5	GH	GHS	08	19	try again							2016-10-18 16:57:33
453	the-94610385	theteller	102938475678	F2T	RSP	NOAUTH	5377XXXXXXXX7450	3.5	GH	GHS	08	19	lets just make up something	00	Successful		FLWT00328870	uVinBFwZ5d0059j4668	success	2016-10-18 16:57:46
454	the-67243098	theteller	286402478216	T2F	REQ	NOAUTH	5200XXXXXXXX8210	2.06	GH	GHS	08	18	PaySwitch Bill Payment							2016-10-18 17:06:32
455	the-67243098	theteller	286402478216	F2T	RSP	NOAUTH	5200XXXXXXXX8210	2.06	GH	GHS	08	18	lets just make up something	00	Successful		FLWT00328901	wKrDySn1dO07mrK3576	success	2016-10-18 17:06:45
456	the-10465827	theteller	203627836570	T2F	REQ	NOAUTH	5200XXXXXXXX8210	2.06	GH	GHS	08	18	PaySwitch Bill Payment							2016-10-18 17:10:38
457	the-10465827	theteller	203627836570	F2T	RSP	NOAUTH	5200XXXXXXXX8210	2.06	GH	GHS	08	18	lets just make up something	00	Successful		FLWT00328908	bKurhks5cI089ov9729	success	2016-10-18 17:10:51
458	the-60549173	theteller	367186502126	T2F	REQ	NOAUTH	5200XXXXXXXX8210	2.06	GH	GHS	08	18	PaySwitch Bill Payment							2016-10-18 17:15:39
459	the-60549173	theteller	367186502126	F2T	RSP	NOAUTH	5200XXXXXXXX8210	2.06	GH	GHS	08	18	lets just make up something	00	Successful		FLWT00328911	9zS18AAW6Z0Z4940658	success	2016-10-18 17:15:52
460	the-15368942	theteller	102938475678	T2F	REQ	NOAUTH	5377XXXXXXXX7450	3.5	GH	GHS	08	19	try again							2016-10-18 17:25:51
461	the-15368942	theteller	102938475678	F2T	RSP	NOAUTH	5377XXXXXXXX7450	3.5	GH	GHS	08	19	lets just make up something	00	Successful		FLWT00328914	lscMCKqms70bH4C2662	success	2016-10-18 17:25:55
462	the-42803196	theteller	102938475678	T2F	REQ	NOAUTH	5377XXXXXXXX7450	3.5	GH	GHS	08	19	try again							2016-10-18 17:29:26
463	the-42803196	theteller	102938475678	F2T	RSP	NOAUTH	5377XXXXXXXX7450	3.5	GH	GHS	08	19	try again	00	Successful		FLWT00328917	mZP8ixWw9F0Dpi77176	success	2016-10-18 17:29:29
464	the-80792431	theteller	830685123819	T2F	REQ	NOAUTH	6011XXXXXXXX1117	2.06	GH	GHS	08	18	PaySwitch Bill Payment							2016-10-18 17:34:00
465	the-80792431	theteller	830685123819	F2T	RSP	NOAUTH	6011XXXXXXXX1117	2.06	GH	GHS	08	18	PaySwitch Bill Payment	7	I5154-10190434%3A+Invalid+Card+Number+%3A+CardNum		FLWT00328920		success	2016-10-18 17:34:03
466	the-80451679	theteller	776109068395	T2F	REQ	NOAUTH	3714XXXXXXX8431	2.73	GH	GHS	08	18	PaySwitch Bill Payment							2016-10-18 17:36:59
467	the-80451679	theteller	776109068395	F2T	RSP	NOAUTH	3714XXXXXXX8431	2.73	GH	GHS	08	18	PaySwitch Bill Payment	00	Successful		FLWT00328923	xhKvinAnT30Lr1l0411	success	2016-10-18 17:37:02
468	the-42738961	theteller	102938475678	T2F	REQ	NOAUTH	5377XXXXXXXX7450	3.5	GH	GHS	08	19	try again							2016-10-18 17:55:56
469	the-42738961	theteller	102938475678	F2T	RSP	NOAUTH	5377XXXXXXXX7450	3.5	GH	GHS	08	19	try again	00	Successful		FLWT00328927	lmnTHudE7e0ZLYz7086	success	2016-10-18 17:56:00
470	the-03574869	theteller	102938475678	T2F	REQ	NOAUTH	5377XXXXXXXX7450	3.5	GH	GHS	08	19	try again							2016-10-18 17:58:57
471	the-03574869	theteller	102938475678	F2T	RSP	NOAUTH	5377XXXXXXXX7450	3.5	GH	GHS	08	19	try again	00	Successful		FLWT00328931	bqhpXWdA0o0HPAM7427	success	2016-10-18 17:59:00
472	the-23574108	theteller	102938475678	T2F	REQ	NOAUTH	5377XXXXXXXX7450	3.5	GH	GHS	08	19	try again							2016-10-18 18:01:24
473	the-23574108	theteller	102938475678	F2T	RSP	NOAUTH	5377XXXXXXXX7450	3.5	GH	GHS	08	19	try again	00	Successful		FLWT00328939	euc6UZShpU0M3Xd4796	success	2016-10-18 18:01:28
474	the-68319247	theteller	102938475678	T2F	REQ	NOAUTH	5377XXXXXXXX7450	3.5	GH	GHS	08	19	try again							2016-10-18 19:05:49
475	the-68319247	theteller	102938475678	F2T	RSP	NOAUTH	5377XXXXXXXX7450	3.5	GH	GHS	08	19	try again	00	Successful		FLWT00328978	l3xLnKhsMm0QSoz8261	success	2016-10-18 19:05:53
476	the-71049583	theteller	102938475678	T2F	REQ	NOAUTH	5377XXXXXXXX7450	3.5			08	19	try again							2016-10-18 19:26:11
477	the-71049583	theteller	102938475678	F2T	RSP	NOAUTH	5377XXXXXXXX7450	3.5			08	19	try again	00	Successful		FLWT00328992	gl2vUWdOMt07HBZ8750	success	2016-10-18 19:26:14
478	the-01536482	theteller	102938475678	T2F	REQ	NOAUTH	5377XXXXXXXX7450	0	CV	GHS	08	19	try again							2016-10-18 19:29:06
479	the-01536482	theteller	102938475678	F2T	RSP	NOAUTH	5377XXXXXXXX7450	0	CV	GHS	08	19	try again	00	Successful		FLWT00328995	Qth7HH4B990RZJg3789	success	2016-10-18 19:29:08
480	the-09863214	theteller	102938475678	T2F	REQ	NOAUTH	5377XXXXXXXX7450	0	CV	CVE	08	19	try again							2016-10-18 19:30:04
481	the-09863214	theteller	102938475678	F2T	RSP	NOAUTH	5377XXXXXXXX7450	0	CV	CVE	08	19	try again	00	Successful		FLWT00328999	t45dtPfbKl0IBtT2227	success	2016-10-18 19:30:07
482	the-52967830	theteller	102938475678	T2F	REQ	NOAUTH	5377XXXXXXXX7450	0	CV	CVE	08	19	try again							2016-10-18 19:32:07
483	the-52967830	theteller	102938475678	F2T	RSP	NOAUTH	5377XXXXXXXX7450	0	CV	CVE	08	19	try again	RR	Card Tokenization Failed. Please try again				success	2016-10-18 19:32:09
484	the-47582316	theteller	102938475678	T2F	REQ	NOAUTH	5377XXXXXXXX7450	0.14	CV	CVE	08	19	try again							2016-10-18 19:34:24
485	the-47582316	theteller	102938475678	F2T	RSP	NOAUTH	5377XXXXXXXX7450	0.14	CV	CVE	08	19	try again	RR	Card Tokenization Failed. Please try again				success	2016-10-18 19:34:24
486	the-86045729	theteller	102938475678	T2F	REQ	NOAUTH	5377XXXXXXXX7450	0.04	CV	CVE	08	19	try again							2016-10-18 19:36:17
487	the-86045729	theteller	102938475678	F2T	RSP	NOAUTH	5377XXXXXXXX7450	0.04	CV	CVE	08	19	try again	RR	Card Tokenization Failed. Please try again				success	2016-10-18 19:36:18
488	the-70158692	theteller	102938475678	T2F	REQ	NOAUTH	5377XXXXXXXX7450		CV	CVE	08	19	try again							2016-10-18 19:38:26
489	the-70158692	theteller	102938475678	F2T	RSP	NOAUTH	5377XXXXXXXX7450	0.04	CV	CVE	08	19	try again	RR	Card Tokenization Failed. Please try again				success	2016-10-18 19:38:27
490	the-80572143	theteller	102938475678	T2F	REQ	NOAUTH	5377XXXXXXXX7450	1	CV	CVE	08	19	try again							2016-10-18 19:39:44
491	the-80572143	theteller	102938475678	F2T	RSP	NOAUTH	5377XXXXXXXX7450	0.04	CV	CVE	08	19	try again	RR	Card Tokenization Failed. Please try again				success	2016-10-18 19:39:45
492	the-08217349	theteller	102938475678	T2F	REQ	NOAUTH	5377XXXXXXXX7450	1	CV	CVE	08	19	try again							2016-10-18 19:41:03
493	the-08217349	theteller	102938475678	F2T	RSP	NOAUTH	5377XXXXXXXX7450	1	CV	CVE	08	19	try again	RR	Card Tokenization Failed. Please try again				success	2016-10-18 19:41:04
494	the-79065183	theteller	102938475678	T2F	REQ	NOAUTH	5377XXXXXXXX7450	0.04	CV	CVE	08	19	try again							2016-10-18 19:42:49
495	the-79065183	theteller	102938475678	F2T	RSP	NOAUTH	5377XXXXXXXX7450	1	CV	CVE	08	19	try again	RR	Card Tokenization Failed. Please try again				success	2016-10-18 19:42:50
496	the-63750912	theteller	102938475678	T2F	REQ	NOAUTH	5377XXXXXXXX7450	0.04	GH	GHS	08	19	try again							2016-10-18 19:43:33
497	the-63750912	theteller	102938475678	F2T	RSP	NOAUTH	5377XXXXXXXX7450	1	CV	CVE	08	19	try again	RR	Card Tokenization Failed. Please try again				success	2016-10-18 19:43:34
498	the-40769821	theteller	102938475678	T2F	REQ	NOAUTH	5377XXXXXXXX7450	1	CV	CVE	08	19	try again							2016-10-18 19:45:35
499	the-40769821	theteller	102938475678	F2T	RSP	NOAUTH	5377XXXXXXXX7450	1	CV	CVE	08	19	try again	RR	Card Tokenization Failed. Please try again				success	2016-10-18 19:45:36
500	the-20679843	theteller	102938475678	T2F	REQ	NOAUTH	5377XXXXXXXX7450	1	CV	CVE	08	19	try again							2016-10-18 19:47:17
501	the-20679843	theteller	102938475678	F2T	RSP	NOAUTH	5377XXXXXXXX7450	1	CV	CVE	08	19	try again	RR	Card Tokenization Failed. Please try again				success	2016-10-18 19:47:18
502	the-29480751	theteller	102938475678	T2F	REQ	NOAUTH	5377XXXXXXXX7450	1	CV	CVE	08	19	try again							2016-10-18 19:54:59
503	the-29480751	theteller	102938475678	F2T	RSP	NOAUTH	5377XXXXXXXX7450	1	CV	CVE	08	19	try again	EE2	Invalid Currency!				success	2016-10-18 19:54:59
504	the-53819076	theteller	102938475678	T2F	REQ	NOAUTH	5377XXXXXXXX7450	1	CV	CVE	08	19	try again							2016-10-18 19:56:16
505	the-59801347	theteller	102938475678	T2F	REQ	NOAUTH	5377XXXXXXXX7450	1	CV	CVE	08	19	try again							2016-10-18 19:56:56
506	the-59801347	theteller	102938475678	F2T	RSP	NOAUTH	5377XXXXXXXX7450	1	CV	CVE	08	19	try again	EE2	Invalid Currency!				success	2016-10-18 19:56:56
507	the-62957018	theteller	102938475678	T2F	REQ	NOAUTH	5377XXXXXXXX7450	1	CV	CVE	08	19	try again							2016-10-18 19:59:46
508	the-62957018	theteller	102938475678	F2T	RSP	NOAUTH	5377XXXXXXXX7450	1	CV	CVE	08	19	try again	R0	Sorry, you need to add currency to your request				success	2016-10-18 19:59:46
509	the-30589671	theteller	102938475678	T2F	REQ	NOAUTH	5377XXXXXXXX7450	1	CV	CVE	08	19	try again							2016-10-18 20:06:25
510	the-30589671	theteller	102938475678	F2T	RSP	NOAUTH	5377XXXXXXXX7450	1	CV	CVE	08	19	try again	R0	Sorry, you need to add currency to your request				success	2016-10-18 20:06:26
511	the-65410879	theteller	102938475678	T2F	REQ	NOAUTH	5377XXXXXXXX7450	1	CV	CVE	08	19	try again							2016-10-18 20:15:15
512	the-65410879	theteller	102938475678	F2T	RSP	NOAUTH	5377XXXXXXXX7450	1	CV	CVE	08	19	try again	RR	Card Tokenization Failed. Please try again				success	2016-10-18 20:15:16
513	the-02196854	theteller	102938475678	T2F	REQ	NOAUTH	5377XXXXXXXX7450	1	CV	CVE	08	19	try again							2016-10-18 20:18:07
514	the-02196854	theteller	102938475678	F2T	RSP	NOAUTH	5377XXXXXXXX7450	1	CV	CVE	08	19	try again	RR	Card Tokenization Failed. Please try again				success	2016-10-18 20:18:08
515	the-45391872	theteller	102938475678	T2F	REQ	NOAUTH	5377XXXXXXXX7450	1	CV	CVE	08	19	try again							2016-10-18 20:19:47
516	the-45391872	theteller	102938475678	F2T	RSP	NOAUTH	5377XXXXXXXX7450	1	CV	CVE	08	19	try again	RR	Card Tokenization Failed. Please try again				success	2016-10-18 20:19:47
517	the-73216490	theteller	102938475678	T2F	REQ	NOAUTH	5377XXXXXXXX7450	1	CV	CVE	08	19	try again							2016-10-18 20:21:22
518	the-73216490	theteller	102938475678	F2T	RSP	NOAUTH	5377XXXXXXXX7450	1	CV	CVE	08	19	try again	RR	Card Tokenization Failed. Please try again				success	2016-10-18 20:21:23
519	the-34571806	theteller	102938475678	T2F	REQ	NOAUTH	5377XXXXXXXX7450	1	CV	CVE	08	19	try again							2016-10-18 20:22:31
520	the-34571806	theteller	102938475678	F2T	RSP	NOAUTH	5377XXXXXXXX7450	1	CV	CVE	08	19	try again	00	Successful		FLWT00329046	vbkJs5Ffq20L1eP6962	success	2016-10-18 20:22:34
521	the-49073651	theteller	462861757932	T2F	REQ	NOAUTH	3714XXXXXXX8431				08	18	PaySwitch Bill Payment							2016-10-19 10:05:41
522	P	P	P	F2T	RSP	NOAUTH	P				P	P	P	P	P	P	P	P	error	2016-10-19 10:05:41
523	the-25164809	theteller	969219223199	T2F	REQ	NOAUTH	6011XXXXXXXX1117				08	18	PaySwitch Bill Payment							2016-10-19 10:06:54
524	P	P	P	F2T	RSP	NOAUTH	P				P	P	P	P	P	P	P	P	error	2016-10-19 10:06:54
525	the-76935824	theteller	752689311627	T2F	REQ	NOAUTH	5200XXXXXXXX8210				08	18	PaySwitch Bill Payment							2016-10-19 10:08:37
526	P	P	P	F2T	RSP	NOAUTH	P				P	P	P	P	P	P	P	P	error	2016-10-19 10:08:37
527	the-01386297	theteller	102938475678	T2F	REQ	NOAUTH	5377XXXXXXXX7450	1	CV	CVE	08	19	try again							2016-10-19 10:32:13
528	the-01386297	theteller	102938475678	F2T	RSP	NOAUTH	5377XXXXXXXX7450	1	CV	CVE	08	19	try again	00	Successful		FLWT00329401	6vit3SiyKF00GtH6337	success	2016-10-19 10:32:16
529	the-46839517	theteller	102938475678	T2F	REQ	NOAUTH	5377XXXXXXXX7450	1	CV	CVE	08	19	try again							2016-10-19 10:37:52
530	the-46839517	theteller	102938475678	F2T	RSP	NOAUTH	5377XXXXXXXX7450	1	CV	CVE	08	19	try again	00	Successful		FLWT00329408	QDG1IPTmX303uw75389	success	2016-10-19 10:37:56
531	the-04276185	theteller	102938475678	T2F	REQ	NOAUTH	5377XXXXXXXX7450	1	CV	CVE	08	19	try again							2016-10-19 10:42:27
532	the-04276185	theteller	102938475678	F2T	RSP	NOAUTH	5377XXXXXXXX7450	1	CV	CVE	08	19	try again	00	Successful		FLWT00329414	s497wxCAYx0FufC9581	success	2016-10-19 10:42:30
533	the-83451706	theteller	430546124127	T2F	REQ	NOAUTH	5200XXXXXXXX8210	2.73	GH	GHS	08	18	PaySwitch Bill Payment							2016-10-19 10:44:18
534	the-83451706	theteller	430546124127	F2T	RSP	NOAUTH	5200XXXXXXXX8210	2.73	GH	GHS	08	18	PaySwitch Bill Payment	00	Successful		FLWT00329419	8Ncz8vKczZ0TP1n0387	success	2016-10-19 10:44:21
535	the-01748569	theteller	368128677156	T2F	REQ	NOAUTH	X	2.06	GH	GHS			Mobile Money Transfers							2016-10-19 11:37:09
536				F2T	RSP	NOAUTH		2.06	GH	GHS										2016-10-19 11:37:09
537	the-53187240	theteller	205096688268	T2F	REQ	NOAUTH	X	2.06	GH	GHS			Mobile Money Transfers							2016-10-19 11:38:26
538				F2T	RSP	NOAUTH		2.06	GH	GHS										2016-10-19 11:38:26
539	the-97032541	theteller	627192303768	T2F	REQ	NOAUTH	+233XXXXX4960	2.06	GH	GHS			Mobile Money Transfers							2016-10-19 11:48:25
540	the-97032541	theteller	627192303768	F2T	RSP	NOAUTH	+233XXXXX4960	2.06	GH	GHS			Mobile Money Transfers	RR	Invalid card Number!				success	2016-10-19 11:48:26
541	the-23054687	theteller	358854749135	T2F	REQ	NOAUTH	0244XX7602	2.06	GH	GHS			Mobile Money Transfers							2016-10-19 11:50:07
542	the-23054687	theteller	358854749135	F2T	RSP	NOAUTH	0244XX7602	2.06	GH	GHS			Mobile Money Transfers	RR	Unable to tokenize account				success	2016-10-19 11:50:08
543	the-12076943	theteller	797199828137	T2F	REQ	NOAUTH	+233XXXXX4960	2.06	GH	GHS			Mobile Money Transfers							2016-10-19 12:09:50
544	the-12076943	theteller	797199828137	F2T	RSP	NOAUTH	+233XXXXX4960	2.06	GH	GHS			Mobile Money Transfers	RR	Invalid card Number!				success	2016-10-19 12:09:51
545	the-01728943	theteller	996727173443	T2F	REQ	NOAUTH	5200XXXXXXXX8210	2.06	GH	GHS	08	18	PaySwitch Bill Payment							2016-10-19 12:20:13
546	the-01728943	theteller	996727173443	F2T	RSP	NOAUTH	5200XXXXXXXX8210	2.06	GH	GHS	08	18	PaySwitch Bill Payment	00	Successful		FLWT00329522	AP5Z1D5bYp017LH3635	success	2016-10-19 12:20:17
547	the-05693482	theteller	525905223018	T2F	REQ	NOAUTH	5200XXXXXXXX8210	2.06	GH	GHS			Mobile Money Transfers							2016-10-19 12:41:16
548	the-05693482	theteller	525905223018	F2T	RSP	NOAUTH	5200XXXXXXXX8210	2.06	GH	GHS			Mobile Money Transfers	RR	Sorry, you need to add cvv to your request				success	2016-10-19 12:41:17
549	the-87014236	theteller	817889986582	T2F	REQ	NOAUTH	5200XXXXXXXX8210	2.06	GH	GHS	08	18	Mobile Money Transfers							2016-10-19 12:50:17
550	the-87014236	theteller	817889986582	F2T	RSP	NOAUTH	5200XXXXXXXX8210	2.06	GH	GHS	08	18	Mobile Money Transfers	00	Successful		FLWT00329577	PmkLdqZ8JL01vqR6680	success	2016-10-19 12:50:22
551	the-61395702	theteller	538652745479	T2F	REQ	NOAUTH	5200XXXXXXXX8210	2.73	GH	GHS	08	18	Mobile Money Transfers							2016-10-19 13:58:06
552	the-61395702	theteller	538652745479	F2T	RSP	NOAUTH	5200XXXXXXXX8210	2.73	GH	GHS	08	18	Mobile Money Transfers	00	Successful		FLWT00329657	lCfNDjeGmm0CSL13575	success	2016-10-19 13:58:10
553	the-80623154	theteller	284426005845	T2F	REQ	NOAUTH	5200XXXXXXXX8210	2.77	GH	GHS	08	18	International Airtime Top Up							2016-10-19 16:01:27
554	the-80623154	theteller	284426005845	F2T	RSP	NOAUTH	5200XXXXXXXX8210	2.77	GH	GHS	08	18	International Airtime Top Up	00	Successful		FLWT00329839	acOqYOl3510VUk81242	success	2016-10-19 16:01:31
555	the-27149560	theteller	817071666221	T2F	REQ	NOAUTH	5200XXXXXXXX8210	2.77	GH	GHS	08	18	International Airtime Top Up							2016-10-19 16:08:46
556	the-27149560	theteller	817071666221	F2T	RSP	NOAUTH	5200XXXXXXXX8210	2.77	GH	GHS	08	18	International Airtime Top Up	00	Successful		FLWT00329847	HKpFDKOEo90IDPU9774	success	2016-10-19 16:08:51
557	the-84519732	theteller	935334032555	T2F	REQ	NOAUTH	5200XXXXXXXX8210	2.77	GH	GHS	08	18	International Airtime Top Up							2016-10-19 16:12:31
558	the-84519732	theteller	935334032555	F2T	RSP	NOAUTH	5200XXXXXXXX8210	2.77	GH	GHS	08	18	International Airtime Top Up	00	Successful		FLWT00329852	03lVOovOQc0AB7Q6556	success	2016-10-19 16:12:34
559	the-04791382	theteller	646424350456	T2F	REQ	NOAUTH	5200XXXXXXXX8210	2.06	GH	GHS	08	18	Mobile Money Transfers							2016-10-19 18:53:35
560	the-04791382	theteller	646424350456	F2T	RSP	NOAUTH	5200XXXXXXXX8210	2.06	GH	GHS	08	18	Mobile Money Transfers	00	Successful		FLWT00330013	iE4XIqPm9V0DTii6162	success	2016-10-19 18:53:39
561	the-78304692	theteller	223431121756	T2F	REQ	NOAUTH	5471XXXXXXXX7704	20.56	GH	GHS	05	19	Mobile Money Transfers							2016-10-20 01:19:02
562	the-78304692	theteller	223431121756	F2T	RSP	NOAUTH	5471XXXXXXXX7704	20.56	GH	GHS	05	19	Mobile Money Transfers	2	Declined		FLWT00330122		success	2016-10-20 01:19:07
563	the-20674531	theteller	832030913392	T2F	REQ	NOAUTH	5471XXXXXXXX7704	10.28	GH	GHS	05	19	Mobile Money Transfers							2016-10-20 01:20:18
564	the-20674531	theteller	832030913392	F2T	RSP	NOAUTH	5471XXXXXXXX7704	10.28	GH	GHS	05	19	Mobile Money Transfers	2	Declined		FLWT00330125		success	2016-10-20 01:20:22
565	the-12698437	theteller	133650685583	T2F	REQ	NOAUTH	4207XXXXXXXX1434	20.56	GH	GHS	01	17	Mobile Money Transfers							2016-10-20 01:23:15
566	the-12698437	theteller	133650685583	F2T	RSP	NOAUTH	4207XXXXXXXX1434	20.56	GH	GHS	01	17	Mobile Money Transfers	2	Declined		FLWT00330128		success	2016-10-20 01:23:18
567	the-97206148	theteller	181424746068	T2F	REQ	NOAUTH	4207XXXXXXXX0639	2.73	GH	GHS	01	17	Mobile Money Transfers							2016-10-20 01:32:36
568	the-97206148	theteller	181424746068	F2T	RSP	NOAUTH	4207XXXXXXXX0639	2.73	GH	GHS	01	17	Mobile Money Transfers	2	Declined		FLWT00330131		success	2016-10-20 01:32:40
569	the-86072953	theteller	382870113653	T2F	REQ	NOAUTH	4835XXXXXXXX2209	2.73	GH	GHS	03	18	Mobile Money Transfers							2016-10-20 01:35:48
570	the-86072953	theteller	382870113653	F2T	RSP	NOAUTH	4835XXXXXXXX2209	2.73	GH	GHS	03	18	Mobile Money Transfers	2	Declined		FLWT00330134		success	2016-10-20 01:35:51
571	the-03478219	theteller	656531866922	T2F	REQ	NOAUTH	6011XXXXXXXX6117	2.06	GH	GHS	04	18	Mobile Money Transfers							2016-10-20 01:41:31
572	the-03478219	theteller	656531866922	F2T	RSP	NOAUTH	6011XXXXXXXX6117	2.06	GH	GHS	04	18	Mobile Money Transfers	7	I5433-10201241%3A+Invalid+Permission+%3A+CardNum		FLWT00330137		success	2016-10-20 01:41:33
573	the-95318270	theteller	650051123351	T2F	REQ	NOAUTH	3715XXXXXXX2006	2.06	GH	GHS	01	17	Mobile Money Transfers							2016-10-20 01:44:16
574	the-95318270	theteller	650051123351	F2T	RSP	NOAUTH	3715XXXXXXX2006	2.06	GH	GHS	01	17	Mobile Money Transfers	7	I5433-10201244%3A+Invalid+Permission+%3A+CardNum		FLWT00330140		success	2016-10-20 01:44:18
575	the-38546291	theteller	712567629633	T2F	REQ	NOAUTH	4211XXXXXXXX5867	2.06	GH	GHS	07	17	Mobile Money Transfers							2016-10-20 02:12:17
576	the-38546291	theteller	712567629633	F2T	RSP	NOAUTH	4211XXXXXXXX5867	2.06	GH	GHS	07	17	Mobile Money Transfers	2	Declined		FLWT00330167		success	2016-10-20 02:12:21
577	the-10583246	theteller	102938475678	T2F	REQ	NOAUTH	5377XXXXXXXX7450	1	CV	CVE	08	19	try again							2016-10-20 19:55:01
578	the-10583246	theteller	102938475678	F2T	RSP	NOAUTH	5377XXXXXXXX7450	1	CV	CVE	08	19	try again	00	Successful		FLWT00330829	YehH7ESfWU0J7Ye4112	success	2016-10-20 19:55:05
579	the-37842105	theteller	102938475678	F2T	RSP	NOAUTH	5377XXXXXXXX7450	1	CV	CVE	08	19	try again	RR	Uknown Authentication Model				success	2016-10-20 19:56:18
580	the-45207396	theteller	102938475678	T2F	REQ	BVN	5377XXXXXXXX7450	1	CV	CVE	08	19	try again							2016-10-20 19:57:01
581	the-45207396	theteller	102938475678	F2T	RSP	NOAUTH	5377XXXXXXXX7450	1	CV	CVE	08	19	try again	B02	Invalid BVN				success	2016-10-20 19:57:03
582	the-48375926	theteller	102938475678	T2F	REQ	VBV	5377XXXXXXXX7450	1	CV	CVE	08	19	try again							2016-10-20 20:04:29
583	the-48375926	theteller	102938475678	F2T	RSP	NOAUTH	5377XXXXXXXX7450	1	CV	CVE	08	19	try again	RR	Uknown Authentication Model				success	2016-10-20 20:04:30
584	the-46781253	theteller	102938475678	F2T	RSP	NOAUTH	5377XXXXXXXX7450	1	CV	CVE	08	19	try again	RR	Response URL is mandatory for this option				success	2016-10-20 20:06:08
585	the-20437165	theteller	102938475678	F2T	RSP	NOAUTH	5377XXXXXXXX7450	1	CV	CVE	08	19	try again	RR	Response URL is mandatory for this option				success	2016-10-20 20:07:09
586	the-97430152	theteller	102938475678	F2T	RSP	NOAUTH	5377XXXXXXXX7450	1	CV	CVE	08	19	try again	RR	Response URL is mandatory for this option				success	2016-10-20 20:09:14
587	the-06854172	theteller	102938475678	F2T	RSP	NOAUTH	5377XXXXXXXX7450	1	CV	CVE	08	19	try again	RR	Response URL is mandatory for this option				success	2016-10-20 20:19:23
588	the-98701645	theteller	102938475678	F2T	RSP	NOAUTH	5377XXXXXXXX7450	1	CV	CVE	08	19	try again	RR	Response URL is mandatory for this option				success	2016-10-20 20:20:09
589	the-13782594	theteller	102938475678	F2T	RSP	NOAUTH	5377XXXXXXXX7450	1	CV	CVE	08	19	try again	RR	Response URL is mandatory for this option				success	2016-10-20 20:20:30
590	the-48269305	theteller	102938475678	F2T	RSP	NOAUTH	5377XXXXXXXX7450	1	CV	CVE	08	19	try again	02	Pending, Validation	FLWT00330902	FLWT00330902		success	2016-10-20 20:24:29
591	the-03582769	theteller	102938475678	F2T	RSP	NOAUTH	5377XXXXXXXX7450	1	CV	CVE	08	19	try again	02	Pending, Validation	FLWT00330920	FLWT00330920		success	2016-10-20 20:28:24
592	the-74135926	theteller	102938475678	F2T	RSP	NOAUTH	4145XXXXXXXX0438	1	CV	CVE	03	20	try again	02	Pending, Validation	FLWT00330949	FLWT00330949		success	2016-10-20 20:42:30
593	WEB-60148923	WEBTEST	0787814952436	F2T	RSP	NOAUTH	4145XXXXXXXX0438	2	NG	NGN	03	20	web test	RR	Response URL is mandatory for this option				success	2016-10-20 20:59:51
594	WEB-37529064	WEBTEST	8478721054693	F2T	RSP	NOAUTH	4145XXXXXXXX0438	2	NG	NGN	03	20	web test	RR	Response URL is mandatory for this option				success	2016-10-20 21:01:58
595	WEB-39601528	WEBTEST	4752360984718	F2T	RSP	NOAUTH	4145XXXXXXXX0438	2	NG	NGN	03	20	web test	02	Pending, Validation	FLWT00330975	FLWT00330975		success	2016-10-20 21:03:26
596	WEB-58371902	WEBTEST	0465492771388	F2T	RSP	NOAUTH	4145XXXXXXXX0438	2	NG	NGN	03	20	web test	02	Pending, Validation	FLWT00330977	FLWT00330977		success	2016-10-20 21:03:42
597	WEB-92476081	WEBTEST	4707518362894	F2T	RSP	NOAUTH	4145XXXXXXXX0438	2	NG	NGN	03	20	web test	02	Pending, Validation	FLWT00330980	FLWT00330980		success	2016-10-20 21:11:40
598	WEB-13402687	WEBTEST	8164093728754	F2T	RSP	NOAUTH	4145XXXXXXXX0438	2	NG	NGN	03	20	web test	02	Pending, Validation	FLWT00330985	FLWT00330985		success	2016-10-20 21:12:53
599	WEB-17345098	WEBTEST	6701448958327	F2T	RSP	NOAUTH	4145XXXXXXXX0438	2	NG	NGN	03	20	web test	02	Pending, Validation	FLWT00330987	FLWT00330987		success	2016-10-20 21:14:20
600	the-60512798	theteller	102938475678	F2T	RSP	NOAUTH	4145XXXXXXXX0438	1	CV	CVE	03	20	try again	02	Pending, Validation	FLWT00330994	FLWT00330994		success	2016-10-20 21:20:05
601	the-67980253	theteller	102938475678	F2T	RSP	NOAUTH	4145XXXXXXXX0438	1	CV	CVE	03	20	try again	02	Pending, Validation	FLWT00330999	FLWT00330999		success	2016-10-20 21:23:49
602	the-93275640	theteller	102938475678	F2T	RSP	NOAUTH	4145XXXXXXXX0438	1	CV	CVE	03	20	try again	02	Pending, Validation	FLWT00331001	FLWT00331001		success	2016-10-20 21:24:52
603	the-83974051	theteller	102938475678	F2T	RSP	NOAUTH	4145XXXXXXXX0438	1	CV	CVE	03	20	try again	02	Pending, Validation	FLWT00331007	FLWT00331007		success	2016-10-20 21:25:44
604	the-20857436	theteller	102938475678	F2T	RSP	NOAUTH	4145XXXXXXXX0438	1	CV	CVE	03	20	try again	02	Pending, Validation	FLWT00331009	FLWT00331009		success	2016-10-20 21:26:43
605	the-90481637	theteller	102938475678	F2T	RSP	NOAUTH	4145XXXXXXXX0438	1	CV	CVE	03	20	try again	02	Pending, Validation	FLWT00331011	FLWT00331011		success	2016-10-20 21:27:45
606	the-30649172	theteller	102938475678	F2T	RSP	NOAUTH	4145XXXXXXXX0438	1	CV	CVE	03	20	try again	02	Pending, Validation	FLWT00331025	FLWT00331025		success	2016-10-20 21:36:26
607	the-67298153	theteller	102938475678	F2T	RSP	NOAUTH	4145XXXXXXXX0438	1	CV	CVE	03	20	try again	02	Pending, Validation	FLWT00331059	FLWT00331059		success	2016-10-20 22:01:44
608	WEB-29610435	WEBTEST	9476488257130	F2T	RSP	NOAUTH	4145XXXXXXXX0438	2	NG	NGN	03	20		02	Pending, Validation	FLWT00331087	FLWT00331087		success	2016-10-20 22:46:14
609	WEB-41802375	WEBTEST	2430158478769	F2T	RSP	NOAUTH	4145XXXXXXXX0438	2	NG	NGN	02	30	web test	02	Pending, Validation	FLWT00331089	FLWT00331089		success	2016-10-20 22:50:20
610	WEB-75162938	WEBTEST	4749763258018	F2T	RSP	NOAUTH	4145XXXXXXXX0438	2	NG	NGN	02	30	web test	02	Pending, Validation	FLWT00331091	FLWT00331091		success	2016-10-20 22:52:25
611	WEB-47138265	WEBTEST	4716370985284	F2T	RSP	NOAUTH	4145XXXXXXXX0438	2	NG	NGN	03	20	web test	02	Pending, Validation	FLWT00331093	FLWT00331093		success	2016-10-20 22:57:10
612	WEB-36820549	WEBTEST	8781092456734	F2T	RSP	NOAUTH	4145XXXXXXXX0438	2	NG	NGN	03	20	web test	02	Pending, Validation	FLWT00331095	FLWT00331095		success	2016-10-20 22:59:16
613	WEB-34985067	WEBTEST	4914632780875	F2T	RSP	NOAUTH	4145XXXXXXXX0438	2	NG	NGN	03	20	web test	02	Pending, Validation	FLWT00331097	FLWT00331097		success	2016-10-20 23:01:12
614	WEB-08642537	WEBTEST	7645389078142	F2T	RSP	NOAUTH	4145XXXXXXXX0438	2	NG	NGN	03	20	web test	02	Pending, Validation	FLWT00331103	FLWT00331103		success	2016-10-20 23:04:47
615	WEB-50312768	WEBTEST	4062517879348	F2T	RSP	NOAUTH	4145XXXXXXXX0438	2	NG	NGN	03	20	webtest	02	Pending, Validation	FLWT00331129	FLWT00331129		success	2016-10-20 23:07:35
616	WEB-25834960	WEBTEST	2576880974143	F2T	RSP	NOAUTH	4145XXXXXXXX0438	2	NG	NGN	03	20	webtest	02	Pending, Validation	FLWT00331135	FLWT00331135		success	2016-10-20 23:08:51
617	WEB-06548739	WEBTEST	8084167235974	F2T	RSP	NOAUTH	4145XXXXXXXX0438	2	NG	NGN	03	20	web test	02	Pending, Validation	FLWT00331141	FLWT00331141		success	2016-10-20 23:12:58
618	WEB-83260974	WEBTEST	7523489847106	F2T	RSP	NOAUTH	4145XXXXXXXX0438	2	NG	NGN	03	20	web test	02	Pending, Validation	FLWT00331143	FLWT00331143		success	2016-10-20 23:17:16
619	WEB-60429738	WEBTEST	3240157488796	F2T	RSP	NOAUTH	4145XXXXXXXX0438	2	NG	NGN	03	20	web test	02	Pending, Validation	FLWT00331145	FLWT00331145		success	2016-10-20 23:19:27
620	WEB-94623075	WEBTEST	3981440726587	F2T	RSP	NOAUTH	4145XXXXXXXX0438	2	NG	NGN	03	20	web test	02	Pending, Validation	FLWT00331147	FLWT00331147		success	2016-10-20 23:20:20
621	WEB-80924317	WEBTEST	9877143540682	F2T	RSP	NOAUTH	4145XXXXXXXX0438	2	NG	NGN	03	20	web test	02	Pending, Validation	FLWT00331150	FLWT00331150		success	2016-10-20 23:26:42
622	the-79432851	theteller	435534546817	T2F	REQ	NOAUTH	4846XXXXXXX7844	2.06	GH	GHS	12	18	PaySwitch Bill Payment							2016-10-21 14:30:10
623	the-79432851	theteller	435534546817	F2T	RSP	NOAUTH	4846XXXXXXX7844	2.06	GH	GHS	12	18	PaySwitch Bill Payment	RR	Invalid card Number!				success	2016-10-21 14:30:11
624	the-50187439	theteller	435534546817	T2F	REQ	NOAUTH	4846XXXXXXX7844	2.06	GH	GHS	05	18	PaySwitch Bill Payment							2016-10-21 14:30:57
625	the-50187439	theteller	435534546817	F2T	RSP	NOAUTH	4846XXXXXXX7844	2.06	GH	GHS	05	18	PaySwitch Bill Payment	RR	Invalid card Number!				success	2016-10-21 14:30:58
626	the-59182460	theteller	435534546817	T2F	REQ	NOAUTH	4846XXXXXXX7844	2.06	GH	GHS	01	18	PaySwitch Bill Payment							2016-10-21 14:33:20
627	the-59182460	theteller	435534546817	F2T	RSP	NOAUTH	4846XXXXXXX7844	2.06	GH	GHS	01	18	PaySwitch Bill Payment	RR	Invalid card Number!				success	2016-10-21 14:33:20
628	the-07196458	theteller	785078219956	T2F	REQ	NOAUTH	5200XXXXXXXX8210	2.06	GH	GHS	08	18	PaySwitch Bill Payment							2016-10-21 14:35:37
629	the-07196458	theteller	785078219956	F2T	RSP	NOAUTH	5200XXXXXXXX8210	2.06	GH	GHS	08	18	PaySwitch Bill Payment	00	Successful		FLWT00331704	Hm7TIw6vwO0PL1X3079	success	2016-10-21 14:35:40
630	the-60945718	theteller	785078219956	T2F	REQ	NOAUTH	5200XXXXXXXX8210	2.06	GH	GHS	08	18	PaySwitch Bill Payment							2016-10-21 14:39:51
631	the-60945718	theteller	785078219956	F2T	RSP	NOAUTH	5200XXXXXXXX8210	2.06	GH	GHS	08	18	PaySwitch Bill Payment	00	Successful		FLWT00331707	f4Qwn1XVuD0JTly7372	success	2016-10-21 14:39:54
632	the-93284501	theteller	146019249852	T2F	REQ	NOAUTH	5200XXXXXXXX8210	2.06	GH	GHS	08	18	Mobile Money Transfers							2016-10-21 15:15:34
633	the-93284501	theteller	146019249852	F2T	RSP	NOAUTH	5200XXXXXXXX8210	2.06	GH	GHS	08	18	Mobile Money Transfers	00	Successful		FLWT00331722	wa4skfV0xN0EQ0Z0130	success	2016-10-21 15:15:39
634	cv2-48057321	cv238	1111	T2F	REQ		5377XXXXXXXX7450	0.01	CV	CVE	08	19	api test							2016-10-21 16:04:46
635	cv2-48057321	cv238	1111	F2T	RSP	NOAUTH	5377XXXXXXXX7450	0.01	CV	CVE	08	19	api test	00	Success: Approved by Financial Institution		R/FLW00331742	9JctEb8VYj0MIxS3659	success	2016-10-21 16:04:50
636	the-52791843	theteller	337347513377	T2F	REQ	NOAUTH	5370XXXXXXXX5605	10.28	GH	GHS	05	18	Mobile Money Transfers							2016-10-22 17:05:47
637	M	M	M	F2T	RSP	NOAUTH	M	10.28	GH	GHS	M	M	M	M	M	M	M	M	error	2016-10-22 17:07:55
638	the-65048721	theteller	188108686013	T2F	REQ	NOAUTH	5370XXXXXXXX5605	10.28	GH	GHS	05	18	Mobile Money Transfers							2016-10-22 17:12:08
639	M	M	M	F2T	RSP	NOAUTH	M	10.28	GH	GHS	M	M	M	M	M	M	M	M	error	2016-10-22 17:14:16
640	the-23468190	theteller	875918487358	T2F	REQ	NOAUTH	5370XXXXXXXX5605	10.28	GH	GHS	05	18	Mobile Money Transfers							2016-10-22 17:17:28
641	M	M	M	F2T	RSP	NOAUTH	M	10.28	GH	GHS	M	M	M	M	M	M	M	M	error	2016-10-22 17:19:36
642	the-85194037	theteller	875868079036	T2F	REQ	NOAUTH	5370XXXXXXXX5605	10.28	GH	GHS	05	18	Mobile Money Transfers							2016-10-22 18:01:35
643	M	M	M	F2T	RSP	NOAUTH	M	10.28	GH	GHS	M	M	M	M	M	M	M	M	error	2016-10-22 18:03:43
644	the-84371562	theteller	589653928419	T2F	REQ	NOAUTH	5370XXXXXXXX5605	10.28	GH	GHS	05	18	Mobile Money Transfers							2016-10-22 18:05:38
645	M	M	M	F2T	RSP	NOAUTH	M	10.28	GH	GHS	M	M	M	M	M	M	M	M	error	2016-10-22 18:07:46
646	the-64930821	theteller	901259941896	T2F	REQ	NOAUTH	5370XXXXXXXX5605	10.28	GH	GHS	05	18	Mobile Money Transfers							2016-10-22 18:14:31
647	M	M	M	F2T	RSP	NOAUTH	M	10.28	GH	GHS	M	M	M	M	M	M	M	M	error	2016-10-22 18:16:39
648	the-85314760	theteller	190512579574	T2F	REQ	NOAUTH	5370XXXXXXXX5605	10.28	GH	GHS	05	18	Mobile Money Transfers							2016-10-23 08:01:13
649	the-85314760	theteller	190512579574	F2T	RSP	NOAUTH	5370XXXXXXXX5605	10.28	GH	GHS	05	18	Mobile Money Transfers	00	Approved		FLWT00332271	oTIWSAQpSg0J8DC3415	success	2016-10-23 08:01:19
650	the-03754261	theteller	885226294929	T2F	REQ	NOAUTH	5370XXXXXXXX5605	10.28	GH	GHS	05	18	Mobile Money Transfers							2016-10-23 08:02:36
651	the-03754261	theteller	885226294929	F2T	RSP	NOAUTH	5370XXXXXXXX5605	10.28	GH	GHS	05	18	Mobile Money Transfers	00	Approved		FLWT00332274	4azrB07oq90NORM6179	success	2016-10-23 08:02:41
652	the-31084752	theteller	769076927866	T2F	REQ	NOAUTH	X	0.02	GH	GHS			Mobile Money Transfers							2016-10-24 12:25:07
653				F2T	RSP	NOAUTH		0.02	GH	GHS										2016-10-24 12:25:07
654	the-12508396	theteller	465046524525	T2F	REQ	NOAUTH	X	0.02	GH	GHS			Mobile Money Transfers							2016-10-24 12:42:36
655				F2T	RSP	NOAUTH		0.02	GH	GHS										2016-10-24 12:42:36
656	the-98460735	theteller	590313618480	T2F	REQ	NOAUTH	X	0.02	GH	GHS			Mobile Money Transfers							2016-10-24 12:56:30
657				F2T	RSP	NOAUTH		0.02	GH	GHS										2016-10-24 12:56:30
658	the-40819753	theteller	118043426501	T2F	REQ	NOAUTH	X	0.02	GH	GHS			Mobile Money Transfers							2016-10-24 12:59:08
659				F2T	RSP	NOAUTH		0.02	GH	GHS										2016-10-24 12:59:09
660	the-04139576	theteller	932915424638	T2F	REQ	NOAUTH	X	0.02	GH	GHS			Mobile Money Transfers							2016-10-24 13:12:26
661				F2T	RSP	NOAUTH		0.02	GH	GHS										2016-10-24 13:12:27
662	the-47516832	theteller	751047756347	T2F	REQ	NOAUTH	X	0.02	GH	GHS			Mobile Money Transfers							2016-10-24 13:19:43
663				F2T	RSP	NOAUTH		0.02	GH	GHS										2016-10-24 13:19:43
664	the-38156420	theteller	802862557951	T2F	REQ	NOAUTH	X	0.02	GH	GHS			Mobile Money Transfers							2016-10-24 15:08:06
665				F2T	RSP	NOAUTH		0.02	GH	GHS										2016-10-24 15:08:06
666	the-70418362	theteller	789086187579	T2F	REQ	NOAUTH	X	0.02	GH	GHS			Mobile Money Transfers							2016-10-24 15:27:35
667				F2T	RSP	NOAUTH		0.02	GH	GHS										2016-10-24 15:27:35
668	the-72601459	theteller	236905471636	T2F	REQ	NOAUTH	X	0.02	GH	GHS			Mobile Money Transfers							2016-10-24 15:31:09
669				F2T	RSP	NOAUTH		0.02	GH	GHS										2016-10-24 15:31:09
670	the-56231974	theteller	159213156658	T2F	REQ	NOAUTH	X	0.02	GH	GHS			Mobile Money Transfers							2016-10-24 15:35:01
671				F2T	RSP	NOAUTH		0.02	GH	GHS										2016-10-24 15:35:02
672	the-47956032	theteller	271051848546	T2F	REQ	NOAUTH	X	0.02	GH	GHS			Mobile Money Transfers							2016-10-24 15:39:54
673				F2T	RSP	NOAUTH		0.02	GH	GHS										2016-10-24 15:39:54
674	the-34207865	theteller	808148136820	T2F	REQ	NOAUTH	X	0.02	GH	GHS			Mobile Money Transfers							2016-10-24 16:17:18
675				F2T	RSP	NOAUTH		0.02	GH	GHS										2016-10-24 16:17:19
676	the-83219650	theteller	281354845208	T2F	REQ	NOAUTH	5200XXXXXXXX8210	2.73	GH	GHS	08	18	PaySwitch Bill Payment							2016-10-25 13:10:40
677	the-83219650	theteller	281354845208	F2T	RSP	NOAUTH	5200XXXXXXXX8210	2.73	GH	GHS	08	18	PaySwitch Bill Payment	00	Successful		FLWT00334237	XOMOBzxRVr014NO8615	success	2016-10-25 13:10:47
678	the-05362184	theteller	127361971868	T2F	REQ	NOAUTH	5200XXXXXXXX8210	2.06	GH	GHS	04	18	PaySwitch Bill Payment							2016-10-25 13:16:03
679	P	P	P	F2T	RSP	NOAUTH	P	2.06	GH	GHS	P	P	P	P	P	P	P	P	error	2016-10-25 13:16:04
680	the-26093485	theteller	914697008368	T2F	REQ	NOAUTH	4145XXXXXXXX0438	0.02	GH	GHS	03	20	PaySwitch Bill Payment							2016-10-25 13:23:34
681	P	P	P	F2T	RSP	NOAUTH	P	0.02	GH	GHS	P	P	P	P	P	P	P	P	error	2016-10-25 13:23:35
682	the-72580649	theteller	964109165247	T2F	REQ	NOAUTH	4145XXXXXXXX0438	4.11	GH	GHS	03	20	PaySwitch Bill Payment							2016-10-25 13:24:38
683	P	P	P	F2T	RSP	NOAUTH	P	4.11	GH	GHS	P	P	P	P	P	P	P	P	error	2016-10-25 13:24:38
684	the-16403987	theteller	786706090518	T2F	REQ	NOAUTH	4145XXXXXXXX0438	3.08	GH	GHS	03	20	PaySwitch Bill Payment							2016-10-25 13:25:42
685	P	P	P	F2T	RSP	NOAUTH	P	3.08	GH	GHS	P	P	P	P	P	P	P	P	error	2016-10-25 13:25:43
686	the-03815972	theteller	132718041636	T2F	REQ	NOAUTH	5200XXXXXXXX8210	2.06	GH	GHS	08	18	PaySwitch Bill Payment							2016-10-25 13:49:07
687	P	P	P	F2T	RSP	NOAUTH	P	2.06	GH	GHS	P	P	P	P	P	P	P	P	error	2016-10-25 13:49:08
688	the-65734908	theteller	367911646051	T2F	REQ	NOAUTH	5200XXXXXXXX8210	0.51	GH	GHS	08	18	PaySwitch Bill Payment							2016-10-25 14:27:22
689	P	P	P	F2T	RSP	NOAUTH	P	0.51	GH	GHS	P	P	P	P	P	P	P	P	error	2016-10-25 14:27:23
690	gee-64203895	geevapp	1477435014	T2F	REQ		3254X4324	0.1			02	17	Payment to support a project							2016-10-25 22:36:57
691	gee-64203895	geevapp	1477435014	F2T	RSP	NOAUTH	3254X4324	0.1			02	17	Payment to support a project	RR	Invalid card Number!				success	2016-10-25 22:36:57
692	gee-87609542	geevapp	1477435111	T2F	REQ		3254X4324	0.1			02	17	Payment to support a project							2016-10-25 22:38:34
693	gee-87609542	geevapp	1477435111	F2T	RSP	NOAUTH	3254X4324	0.1			02	17	Payment to support a project	RR	Invalid card Number!				success	2016-10-25 22:38:34
694	gee-07695134	geevapp	1477435195	T2F	REQ		4069XXXXXXXX3942	0.1			02	20	Payment to support a project							2016-10-25 22:40:01
695	gee-93267180	geevapp	1477435402	T2F	REQ		4069XXXXXXXX3942	0.1			02	20	Payment to support a project							2016-10-25 22:43:24
696	gee-24687193	geevapp	1477435545	T2F	REQ		4069XXXXXXXX3942	0.1			02	20	Payment to support a project							2016-10-25 22:45:47
697	gee-76304219	geevapp	1477435588	T2F	REQ		4069XXXXXXXX3942	0.1			02	20	Payment to support a project							2016-10-25 22:46:31
698	gee-58247931	geevapp	1477435715	T2F	REQ		4069XXXXXXXX3942	0.1			02	20	Payment to support a project							2016-10-25 22:48:37
699	gee-92031457	geevapp	1477435822	T2F	REQ		4069XXXXXXXX3942	0.1			02	20	Payment to support a project							2016-10-25 22:50:24
700	gee-70534182	geevapp	1477435876	T2F	REQ		4069XXXXXXXX3942	0.1			02	20	Payment to support a project							2016-10-25 22:51:18
701	gee-42830675	geevapp	1477436056	T2F	REQ		4069XXXXXXXX3942	3			02	20	Payment to support a project							2016-10-25 22:54:18
702	cv2-37149082	cv238	1111	T2F	REQ		1234XXXXXXXX4567	0.01	CV	CVE	01	21	api test							2016-11-09 16:58:42
703	cv2-37149082	cv238	1111	F2T	RSP	NOAUTH	1234XXXXXXXX4567	0.01	CV	CVE	01	21	api test	RR	Invalid card Number!				success	2016-11-09 16:58:43
